PV,elemField,elemHandle,elemIndex,elemLength,elemName,elemPosition,elemType,machine,physicsName,physicsType
VA:FE_SCS1:DCH_D0709:ANG_CSET,ANG,setpoint,3,0.0,FE_SCS1:DCH_D0709,0.215,HCOR,VA,horiz. corrector magnet,C4,phantasy.sys.FE,phantasy.sub.SCS1,LEBT
VA:FE_SCS1:DCH_D0709:ANG_RSET,ANG,readset,3,0.0,FE_SCS1:DCH_D0709,0.215,HCOR,VA,horiz. corrector magnet,C4,phantasy.sys.FE,phantasy.sub.SCS1,LEBT
VA:FE_SCS1:DCH_D0709:ANG_RD,ANG,readback,3,0.0,FE_SCS1:DCH_D0709,0.215,HCOR,VA,horiz. corrector magnet,C4,phantasy.sys.FE,phantasy.sub.SCS1,LEBT
VA:FE_SCS1:DCV_D0709:ANG_CSET,ANG,setpoint,3,0.0,FE_SCS1:DCV_D0709,0.215,VCOR,VA,vert. corrector magnet,C4,phantasy.sys.FE,phantasy.sub.SCS1,LEBT
VA:FE_SCS1:DCV_D0709:ANG_RSET,ANG,readset,3,0.0,FE_SCS1:DCV_D0709,0.215,VCOR,VA,vert. corrector magnet,C4,phantasy.sys.FE,phantasy.sub.SCS1,LEBT
VA:FE_SCS1:DCV_D0709:ANG_RD,ANG,readback,3,0.0,FE_SCS1:DCV_D0709,0.215,VCOR,VA,vert. corrector magnet,C4,phantasy.sys.FE,phantasy.sub.SCS1,LEBT
VA:FE_SCS1:DH_D0717:B_CSET,B,setpoint,5,1.0,FE_SCS1:DH_D0717,1.45,BEND,VA,"dipole-90deg, D5-1",BEND_D5,phantasy.sys.FE,phantasy.sub.SCS1,LEBT
VA:FE_SCS1:DH_D0717:B_RSET,B,readset,5,1.0,FE_SCS1:DH_D0717,1.45,BEND,VA,"dipole-90deg, D5-1",BEND_D5,phantasy.sys.FE,phantasy.sub.SCS1,LEBT
VA:FE_SCS1:DH_D0717:B_RD,B,readback,5,1.0,FE_SCS1:DH_D0717,1.45,BEND,VA,"dipole-90deg, D5-1",BEND_D5,phantasy.sys.FE,phantasy.sub.SCS1,LEBT
VA:FE_SCS1:DCH_D0723:ANG_CSET,ANG,setpoint,8,0.0,FE_SCS1:DCH_D0723,1.6123,HCOR,VA,horiz. corrector magnet,C4,phantasy.sys.FE,phantasy.sub.SCS1,LEBT
VA:FE_SCS1:DCH_D0723:ANG_RSET,ANG,readset,8,0.0,FE_SCS1:DCH_D0723,1.6123,HCOR,VA,horiz. corrector magnet,C4,phantasy.sys.FE,phantasy.sub.SCS1,LEBT
VA:FE_SCS1:DCH_D0723:ANG_RD,ANG,readback,8,0.0,FE_SCS1:DCH_D0723,1.6123,HCOR,VA,horiz. corrector magnet,C4,phantasy.sys.FE,phantasy.sub.SCS1,LEBT
VA:FE_SCS1:DCV_D0723:ANG_CSET,ANG,setpoint,8,0.0,FE_SCS1:DCV_D0723,1.6123,VCOR,VA,vert. corrector magnet,C4,phantasy.sys.FE,phantasy.sub.SCS1,LEBT
VA:FE_SCS1:DCV_D0723:ANG_RSET,ANG,readset,8,0.0,FE_SCS1:DCV_D0723,1.6123,VCOR,VA,vert. corrector magnet,C4,phantasy.sys.FE,phantasy.sub.SCS1,LEBT
VA:FE_SCS1:DCV_D0723:ANG_RD,ANG,readback,8,0.0,FE_SCS1:DCV_D0723,1.6123,VCOR,VA,vert. corrector magnet,C4,phantasy.sys.FE,phantasy.sub.SCS1,LEBT
VA:FE_SCS1:QE_D0726:V_CSET,V,setpoint,10,0.2052,FE_SCS1:QHE_D0726,2.0026,EQUAD,VA,ES_quad_X,QUAD_Q7,phantasy.sys.FE,phantasy.sub.SCS1,LEBT
VA:FE_SCS1:QE_D0726:V_RSET,V,readset,10,0.2052,FE_SCS1:QHE_D0726,2.0026,EQUAD,VA,ES_quad_X,QUAD_Q7,phantasy.sys.FE,phantasy.sub.SCS1,LEBT
VA:FE_SCS1:QE_D0726:V_RD,V,readback,10,0.2052,FE_SCS1:QHE_D0726,2.0026,EQUAD,VA,ES_quad_X,QUAD_Q7,phantasy.sys.FE,phantasy.sub.SCS1,LEBT
VA:FE_SCS1:QE_D0730:V_CSET,V,setpoint,12,0.2052,FE_SCS1:QVE_D0730,2.3376,EQUAD,VA,ES_quad_Y,QUAD_Q7,phantasy.sys.FE,phantasy.sub.SCS1,LEBT
VA:FE_SCS1:QE_D0730:V_RSET,V,readset,12,0.2052,FE_SCS1:QVE_D0730,2.3376,EQUAD,VA,ES_quad_Y,QUAD_Q7,phantasy.sys.FE,phantasy.sub.SCS1,LEBT
VA:FE_SCS1:QE_D0730:V_RD,V,readback,12,0.2052,FE_SCS1:QVE_D0730,2.3376,EQUAD,VA,ES_quad_Y,QUAD_Q7,phantasy.sys.FE,phantasy.sub.SCS1,LEBT
VA:FE_SCS1:QE_D0733:V_CSET,V,setpoint,14,0.2052,FE_SCS1:QHE_D0733,2.6726,EQUAD,VA,ES_quad_X,QUAD_Q7,phantasy.sys.FE,phantasy.sub.SCS1,LEBT
VA:FE_SCS1:QE_D0733:V_RSET,V,readset,14,0.2052,FE_SCS1:QHE_D0733,2.6726,EQUAD,VA,ES_quad_X,QUAD_Q7,phantasy.sys.FE,phantasy.sub.SCS1,LEBT
VA:FE_SCS1:QE_D0733:V_RD,V,readback,14,0.2052,FE_SCS1:QHE_D0733,2.6726,EQUAD,VA,ES_quad_X,QUAD_Q7,phantasy.sys.FE,phantasy.sub.SCS1,LEBT
VA:FE_SCS1:QE_D0743:V_CSET,V,setpoint,25,0.2052,FE_SCS1:QHE_D0743,3.6326,EQUAD,VA,ES_quad_X,QUAD_Q7,phantasy.sys.FE,phantasy.sub.SCS1,LEBT
VA:FE_SCS1:QE_D0743:V_RSET,V,readset,25,0.2052,FE_SCS1:QHE_D0743,3.6326,EQUAD,VA,ES_quad_X,QUAD_Q7,phantasy.sys.FE,phantasy.sub.SCS1,LEBT
VA:FE_SCS1:QE_D0743:V_RD,V,readback,25,0.2052,FE_SCS1:QHE_D0743,3.6326,EQUAD,VA,ES_quad_X,QUAD_Q7,phantasy.sys.FE,phantasy.sub.SCS1,LEBT
VA:FE_SCS1:QE_D0746:V_CSET,V,setpoint,27,0.2052,FE_SCS1:QVE_D0746,3.9676,EQUAD,VA,ES_quad_Y,QUAD_Q7,phantasy.sys.FE,phantasy.sub.SCS1,LEBT
VA:FE_SCS1:QE_D0746:V_RSET,V,readset,27,0.2052,FE_SCS1:QVE_D0746,3.9676,EQUAD,VA,ES_quad_Y,QUAD_Q7,phantasy.sys.FE,phantasy.sub.SCS1,LEBT
VA:FE_SCS1:QE_D0746:V_RD,V,readback,27,0.2052,FE_SCS1:QVE_D0746,3.9676,EQUAD,VA,ES_quad_Y,QUAD_Q7,phantasy.sys.FE,phantasy.sub.SCS1,LEBT
VA:FE_SCS1:QE_D0749:V_CSET,V,setpoint,29,0.2052,FE_SCS1:QHE_D0749,4.3026,EQUAD,VA,ES_quad_X,QUAD_Q7,phantasy.sys.FE,phantasy.sub.SCS1,LEBT
VA:FE_SCS1:QE_D0749:V_RSET,V,readset,29,0.2052,FE_SCS1:QHE_D0749,4.3026,EQUAD,VA,ES_quad_X,QUAD_Q7,phantasy.sys.FE,phantasy.sub.SCS1,LEBT
VA:FE_SCS1:QE_D0749:V_RD,V,readback,29,0.2052,FE_SCS1:QHE_D0749,4.3026,EQUAD,VA,ES_quad_X,QUAD_Q7,phantasy.sys.FE,phantasy.sub.SCS1,LEBT
VA:FE_LEBT:DH_D0759:B_CSET,B,setpoint,33,1.0,FE_LEBT:DH_D0759,5.65,BEND,VA,"dipole-90deg, D5-2",BEND_D5,phantasy.sys.FE,phantasy.sub.LEBT,LEBT
VA:FE_LEBT:DH_D0759:B_RSET,B,readset,33,1.0,FE_LEBT:DH_D0759,5.65,BEND,VA,"dipole-90deg, D5-2",BEND_D5,phantasy.sys.FE,phantasy.sub.LEBT,LEBT
VA:FE_LEBT:DH_D0759:B_RD,B,readback,33,1.0,FE_LEBT:DH_D0759,5.65,BEND,VA,"dipole-90deg, D5-2",BEND_D5,phantasy.sys.FE,phantasy.sub.LEBT,LEBT
VA:FE_LEBT:QE_D0767:V_CSET,V,setpoint,35,0.2052,FE_LEBT:QVE_D0767,6.0776,EQUAD,VA,ES_quad_Y,QUAD_Q7,phantasy.sys.FE,phantasy.sub.LEBT,LEBT
VA:FE_LEBT:QE_D0767:V_RSET,V,readset,35,0.2052,FE_LEBT:QVE_D0767,6.0776,EQUAD,VA,ES_quad_Y,QUAD_Q7,phantasy.sys.FE,phantasy.sub.LEBT,LEBT
VA:FE_LEBT:QE_D0767:V_RD,V,readback,35,0.2052,FE_LEBT:QVE_D0767,6.0776,EQUAD,VA,ES_quad_Y,QUAD_Q7,phantasy.sys.FE,phantasy.sub.LEBT,LEBT
VA:FE_LEBT:QE_D0770:V_CSET,V,setpoint,37,0.2052,FE_LEBT:QHE_D0770,6.4126,EQUAD,VA,ES_quad_X,QUAD_Q7,phantasy.sys.FE,phantasy.sub.LEBT,LEBT
VA:FE_LEBT:QE_D0770:V_RSET,V,readset,37,0.2052,FE_LEBT:QHE_D0770,6.4126,EQUAD,VA,ES_quad_X,QUAD_Q7,phantasy.sys.FE,phantasy.sub.LEBT,LEBT
VA:FE_LEBT:QE_D0770:V_RD,V,readback,37,0.2052,FE_LEBT:QHE_D0770,6.4126,EQUAD,VA,ES_quad_X,QUAD_Q7,phantasy.sys.FE,phantasy.sub.LEBT,LEBT
VA:FE_LEBT:DCH_D0773:ANG_CSET,ANG,setpoint,39,0.0,FE_LEBT:DCH_D0773,6.6075,HCOR,VA,horiz. corrector magnet,C4,phantasy.sys.FE,phantasy.sub.LEBT,LEBT
VA:FE_LEBT:DCH_D0773:ANG_RSET,ANG,readset,39,0.0,FE_LEBT:DCH_D0773,6.6075,HCOR,VA,horiz. corrector magnet,C4,phantasy.sys.FE,phantasy.sub.LEBT,LEBT
VA:FE_LEBT:DCH_D0773:ANG_RD,ANG,readback,39,0.0,FE_LEBT:DCH_D0773,6.6075,HCOR,VA,horiz. corrector magnet,C4,phantasy.sys.FE,phantasy.sub.LEBT,LEBT
VA:FE_LEBT:DCV_D0773:ANG_CSET,ANG,setpoint,39,0.0,FE_LEBT:DCV_D0773,6.6075,VCOR,VA,vert. corrector magnet,C4,phantasy.sys.FE,phantasy.sub.LEBT,LEBT
VA:FE_LEBT:DCV_D0773:ANG_RSET,ANG,readset,39,0.0,FE_LEBT:DCV_D0773,6.6075,VCOR,VA,vert. corrector magnet,C4,phantasy.sys.FE,phantasy.sub.LEBT,LEBT
VA:FE_LEBT:DCV_D0773:ANG_RD,ANG,readback,39,0.0,FE_LEBT:DCV_D0773,6.6075,VCOR,VA,vert. corrector magnet,C4,phantasy.sys.FE,phantasy.sub.LEBT,LEBT
VA:FE_LEBT:QE_D0776:V_CSET,V,setpoint,41,0.2052,FE_LEBT:QHE_D0776,7.0076,EQUAD,VA,ES_quad_X,QUAD_Q7,phantasy.sys.FE,phantasy.sub.LEBT,LEBT
VA:FE_LEBT:QE_D0776:V_RSET,V,readset,41,0.2052,FE_LEBT:QHE_D0776,7.0076,EQUAD,VA,ES_quad_X,QUAD_Q7,phantasy.sys.FE,phantasy.sub.LEBT,LEBT
VA:FE_LEBT:QE_D0776:V_RD,V,readback,41,0.2052,FE_LEBT:QHE_D0776,7.0076,EQUAD,VA,ES_quad_X,QUAD_Q7,phantasy.sys.FE,phantasy.sub.LEBT,LEBT
VA:FE_LEBT:QE_D0780:V_CSET,V,setpoint,43,0.2052,FE_LEBT:QVE_D0780,7.3426,EQUAD,VA,ES_quad_Y,QUAD_Q7,phantasy.sys.FE,phantasy.sub.LEBT,LEBT
VA:FE_LEBT:QE_D0780:V_RSET,V,readset,43,0.2052,FE_LEBT:QVE_D0780,7.3426,EQUAD,VA,ES_quad_Y,QUAD_Q7,phantasy.sys.FE,phantasy.sub.LEBT,LEBT
VA:FE_LEBT:QE_D0780:V_RD,V,readback,43,0.2052,FE_LEBT:QVE_D0780,7.3426,EQUAD,VA,ES_quad_Y,QUAD_Q7,phantasy.sys.FE,phantasy.sub.LEBT,LEBT
VA:FE_LEBT:PM_D0783:X_RD,X,readback,45,0.0,FE_LEBT:PM_D0783,7.531585,PM,VA,profile monitor (large fork),PM1,phantasy.sys.FE,phantasy.sub.LEBT,LEBT
VA:FE_LEBT:PM_D0783:Y_RD,Y,readback,45,0.0,FE_LEBT:PM_D0783,7.531585,PM,VA,profile monitor (large fork),PM1,phantasy.sys.FE,phantasy.sub.LEBT,LEBT
VA:FE_LEBT:PM_D0783:XY_RD,XY,readback,45,0.0,FE_LEBT:PM_D0783,7.531585,PM,VA,profile monitor (large fork),PM1,phantasy.sys.FE,phantasy.sub.LEBT,LEBT
VA:FE_LEBT:PM_D0783:XRMS_RD,XRMS,readback,45,0.0,FE_LEBT:PM_D0783,7.531585,PM,VA,profile monitor (large fork),PM1,phantasy.sys.FE,phantasy.sub.LEBT,LEBT
VA:FE_LEBT:PM_D0783:YRMS_RD,YRMS,readback,45,0.0,FE_LEBT:PM_D0783,7.531585,PM,VA,profile monitor (large fork),PM1,phantasy.sys.FE,phantasy.sub.LEBT,LEBT
VA:FE_LEBT:PM_D0783:XYRMS_RD,XYRMS,readback,45,0.0,FE_LEBT:PM_D0783,7.531585,PM,VA,profile monitor (large fork),PM1,phantasy.sys.FE,phantasy.sub.LEBT,LEBT
VA:FE_LEBT:SOLR_D0787:B_CSET,B,setpoint,48,0.3998,FE_LEBT:SOLR_D0787,8.1499,SOL,VA,solenoid,SOL_S4,phantasy.sys.FE,phantasy.sub.LEBT,LEBT
VA:FE_LEBT:SOLR_D0787:B_RSET,B,readset,48,0.3998,FE_LEBT:SOLR_D0787,8.1499,SOL,VA,solenoid,SOL_S4,phantasy.sys.FE,phantasy.sub.LEBT,LEBT
VA:FE_LEBT:SOLR_D0787:B_RD,B,readback,48,0.3998,FE_LEBT:SOLR_D0787,8.1499,SOL,VA,solenoid,SOL_S4,phantasy.sys.FE,phantasy.sub.LEBT,LEBT
VA:FE_LEBT:DCH_D0790:ANG_CSET,ANG,setpoint,50,0.0,FE_LEBT:DCH_D0790,8.27065,HCOR,VA,horiz. corrector magnet,C4,phantasy.sys.FE,phantasy.sub.LEBT,LEBT
VA:FE_LEBT:DCH_D0790:ANG_RSET,ANG,readset,50,0.0,FE_LEBT:DCH_D0790,8.27065,HCOR,VA,horiz. corrector magnet,C4,phantasy.sys.FE,phantasy.sub.LEBT,LEBT
VA:FE_LEBT:DCH_D0790:ANG_RD,ANG,readback,50,0.0,FE_LEBT:DCH_D0790,8.27065,HCOR,VA,horiz. corrector magnet,C4,phantasy.sys.FE,phantasy.sub.LEBT,LEBT
VA:FE_LEBT:DCV_D0790:ANG_CSET,ANG,setpoint,50,0.0,FE_LEBT:DCV_D0790,8.27065,VCOR,VA,vert. corrector magnet,C4,phantasy.sys.FE,phantasy.sub.LEBT,LEBT
VA:FE_LEBT:DCV_D0790:ANG_RSET,ANG,readset,50,0.0,FE_LEBT:DCV_D0790,8.27065,VCOR,VA,vert. corrector magnet,C4,phantasy.sys.FE,phantasy.sub.LEBT,LEBT
VA:FE_LEBT:DCV_D0790:ANG_RD,ANG,readback,50,0.0,FE_LEBT:DCV_D0790,8.27065,VCOR,VA,vert. corrector magnet,C4,phantasy.sys.FE,phantasy.sub.LEBT,LEBT
VA:FE_LEBT:SOLR_D0802:B_CSET,B,setpoint,60,0.3998,FE_LEBT:SOLR_D0802,9.62505,SOL,VA,solenoid,SOL_S4,phantasy.sys.FE,phantasy.sub.LEBT,LEBT
VA:FE_LEBT:SOLR_D0802:B_RSET,B,readset,60,0.3998,FE_LEBT:SOLR_D0802,9.62505,SOL,VA,solenoid,SOL_S4,phantasy.sys.FE,phantasy.sub.LEBT,LEBT
VA:FE_LEBT:SOLR_D0802:B_RD,B,readback,60,0.3998,FE_LEBT:SOLR_D0802,9.62505,SOL,VA,solenoid,SOL_S4,phantasy.sys.FE,phantasy.sub.LEBT,LEBT
VA:FE_LEBT:DCH_D0805:ANG_CSET,ANG,setpoint,62,0.0,FE_LEBT:DCH_D0805,9.7458,HCOR,VA,horiz. corrector magnet,C4,phantasy.sys.FE,phantasy.sub.LEBT,LEBT
VA:FE_LEBT:DCH_D0805:ANG_RSET,ANG,readset,62,0.0,FE_LEBT:DCH_D0805,9.7458,HCOR,VA,horiz. corrector magnet,C4,phantasy.sys.FE,phantasy.sub.LEBT,LEBT
VA:FE_LEBT:DCH_D0805:ANG_RD,ANG,readback,62,0.0,FE_LEBT:DCH_D0805,9.7458,HCOR,VA,horiz. corrector magnet,C4,phantasy.sys.FE,phantasy.sub.LEBT,LEBT
VA:FE_LEBT:DCV_D0805:ANG_CSET,ANG,setpoint,62,0.0,FE_LEBT:DCV_D0805,9.7458,VCOR,VA,vert. corrector magnet,C4,phantasy.sys.FE,phantasy.sub.LEBT,LEBT
VA:FE_LEBT:DCV_D0805:ANG_RSET,ANG,readset,62,0.0,FE_LEBT:DCV_D0805,9.7458,VCOR,VA,vert. corrector magnet,C4,phantasy.sys.FE,phantasy.sub.LEBT,LEBT
VA:FE_LEBT:DCV_D0805:ANG_RD,ANG,readback,62,0.0,FE_LEBT:DCV_D0805,9.7458,VCOR,VA,vert. corrector magnet,C4,phantasy.sys.FE,phantasy.sub.LEBT,LEBT
VA:FE_LEBT:PM_D0808:X_RD,X,readback,66,0.0,FE_LEBT:PM_D0808,10.04468853,PM,VA,profile monitor (large fork),PM1,phantasy.sys.FE,phantasy.sub.LEBT,LEBT
VA:FE_LEBT:PM_D0808:Y_RD,Y,readback,66,0.0,FE_LEBT:PM_D0808,10.04468853,PM,VA,profile monitor (large fork),PM1,phantasy.sys.FE,phantasy.sub.LEBT,LEBT
VA:FE_LEBT:PM_D0808:XY_RD,XY,readback,66,0.0,FE_LEBT:PM_D0808,10.04468853,PM,VA,profile monitor (large fork),PM1,phantasy.sys.FE,phantasy.sub.LEBT,LEBT
VA:FE_LEBT:PM_D0808:XRMS_RD,XRMS,readback,66,0.0,FE_LEBT:PM_D0808,10.04468853,PM,VA,profile monitor (large fork),PM1,phantasy.sys.FE,phantasy.sub.LEBT,LEBT
VA:FE_LEBT:PM_D0808:YRMS_RD,YRMS,readback,66,0.0,FE_LEBT:PM_D0808,10.04468853,PM,VA,profile monitor (large fork),PM1,phantasy.sys.FE,phantasy.sub.LEBT,LEBT
VA:FE_LEBT:PM_D0808:XYRMS_RD,XYRMS,readback,66,0.0,FE_LEBT:PM_D0808,10.04468853,PM,VA,profile monitor (large fork),PM1,phantasy.sys.FE,phantasy.sub.LEBT,LEBT
VA:FE_LEBT:SOLR_D0818:B_CSET,B,setpoint,74,0.3998,FE_LEBT:SOLR_D0818,11.2652,SOL,VA,solenoid,SOL_S4,phantasy.sys.FE,phantasy.sub.LEBT,LEBT
VA:FE_LEBT:SOLR_D0818:B_RSET,B,readset,74,0.3998,FE_LEBT:SOLR_D0818,11.2652,SOL,VA,solenoid,SOL_S4,phantasy.sys.FE,phantasy.sub.LEBT,LEBT
VA:FE_LEBT:SOLR_D0818:B_RD,B,readback,74,0.3998,FE_LEBT:SOLR_D0818,11.2652,SOL,VA,solenoid,SOL_S4,phantasy.sys.FE,phantasy.sub.LEBT,LEBT
VA:FE_LEBT:DCH_D0821:ANG_CSET,ANG,setpoint,76,0.0,FE_LEBT:DCH_D0821,11.38595,HCOR,VA,horiz. corrector magnet,C4,phantasy.sys.FE,phantasy.sub.LEBT,LEBT
VA:FE_LEBT:DCH_D0821:ANG_RSET,ANG,readset,76,0.0,FE_LEBT:DCH_D0821,11.38595,HCOR,VA,horiz. corrector magnet,C4,phantasy.sys.FE,phantasy.sub.LEBT,LEBT
VA:FE_LEBT:DCH_D0821:ANG_RD,ANG,readback,76,0.0,FE_LEBT:DCH_D0821,11.38595,HCOR,VA,horiz. corrector magnet,C4,phantasy.sys.FE,phantasy.sub.LEBT,LEBT
VA:FE_LEBT:DCV_D0821:ANG_CSET,ANG,setpoint,76,0.0,FE_LEBT:DCV_D0821,11.38595,VCOR,VA,vert. corrector magnet,C4,phantasy.sys.FE,phantasy.sub.LEBT,LEBT
VA:FE_LEBT:DCV_D0821:ANG_RSET,ANG,readset,76,0.0,FE_LEBT:DCV_D0821,11.38595,VCOR,VA,vert. corrector magnet,C4,phantasy.sys.FE,phantasy.sub.LEBT,LEBT
VA:FE_LEBT:DCV_D0821:ANG_RD,ANG,readback,76,0.0,FE_LEBT:DCV_D0821,11.38595,VCOR,VA,vert. corrector magnet,C4,phantasy.sys.FE,phantasy.sub.LEBT,LEBT
VA:FE_LEBT:PM1_D0824:X_RD,X,readback,80,0.0,FE_LEBT:PM1_D0824,11.65973293,PM,VA,profile monitor (large fork),PM1,phantasy.sys.FE,phantasy.sub.LEBT,LEBT
VA:FE_LEBT:PM1_D0824:Y_RD,Y,readback,80,0.0,FE_LEBT:PM1_D0824,11.65973293,PM,VA,profile monitor (large fork),PM1,phantasy.sys.FE,phantasy.sub.LEBT,LEBT
VA:FE_LEBT:PM1_D0824:XY_RD,XY,readback,80,0.0,FE_LEBT:PM1_D0824,11.65973293,PM,VA,profile monitor (large fork),PM1,phantasy.sys.FE,phantasy.sub.LEBT,LEBT
VA:FE_LEBT:PM1_D0824:XRMS_RD,XRMS,readback,80,0.0,FE_LEBT:PM1_D0824,11.65973293,PM,VA,profile monitor (large fork),PM1,phantasy.sys.FE,phantasy.sub.LEBT,LEBT
VA:FE_LEBT:PM1_D0824:YRMS_RD,YRMS,readback,80,0.0,FE_LEBT:PM1_D0824,11.65973293,PM,VA,profile monitor (large fork),PM1,phantasy.sys.FE,phantasy.sub.LEBT,LEBT
VA:FE_LEBT:PM1_D0824:XYRMS_RD,XYRMS,readback,80,0.0,FE_LEBT:PM1_D0824,11.65973293,PM,VA,profile monitor (large fork),PM1,phantasy.sys.FE,phantasy.sub.LEBT,LEBT
VA:FE_LEBT:DVE_D0833:V_CSET,V,setpoint,84,1.0,FE_LEBT:DVE_D0833,13.065301,EBEND,VA,ES_bender 1,BEND_D7,phantasy.sys.FE,phantasy.sub.LEBT,LEBT
VA:FE_LEBT:DVE_D0833:V_RSET,V,readset,84,1.0,FE_LEBT:DVE_D0833,13.065301,EBEND,VA,ES_bender 1,BEND_D7,phantasy.sys.FE,phantasy.sub.LEBT,LEBT
VA:FE_LEBT:DVE_D0833:V_RD,V,readback,84,1.0,FE_LEBT:DVE_D0833,13.065301,EBEND,VA,ES_bender 1,BEND_D7,phantasy.sys.FE,phantasy.sub.LEBT,LEBT
VA:FE_LEBT:DCH_D0840:ANG_CSET,ANG,setpoint,87,0.0,FE_LEBT:DCH_D0840,13.280301,HCOR,VA,horiz. corrector magnet,C4,phantasy.sys.FE,phantasy.sub.LEBT,LEBT
VA:FE_LEBT:DCH_D0840:ANG_RSET,ANG,readset,87,0.0,FE_LEBT:DCH_D0840,13.280301,HCOR,VA,horiz. corrector magnet,C4,phantasy.sys.FE,phantasy.sub.LEBT,LEBT
VA:FE_LEBT:DCH_D0840:ANG_RD,ANG,readback,87,0.0,FE_LEBT:DCH_D0840,13.280301,HCOR,VA,horiz. corrector magnet,C4,phantasy.sys.FE,phantasy.sub.LEBT,LEBT
VA:FE_LEBT:DCV_D0840:ANG_CSET,ANG,setpoint,87,0.0,FE_LEBT:DCV_D0840,13.280301,VCOR,VA,vert. corrector magnet,C4,phantasy.sys.FE,phantasy.sub.LEBT,LEBT
VA:FE_LEBT:DCV_D0840:ANG_RSET,ANG,readset,87,0.0,FE_LEBT:DCV_D0840,13.280301,VCOR,VA,vert. corrector magnet,C4,phantasy.sys.FE,phantasy.sub.LEBT,LEBT
VA:FE_LEBT:DCV_D0840:ANG_RD,ANG,readback,87,0.0,FE_LEBT:DCV_D0840,13.280301,VCOR,VA,vert. corrector magnet,C4,phantasy.sys.FE,phantasy.sub.LEBT,LEBT
VA:FE_LEBT:QE_D0844:V_CSET,V,setpoint,89,0.2052,FE_LEBT:QHE_D0844,13.817901,EQUAD,VA,ES_quad_X,QUAD_Q7,phantasy.sys.FE,phantasy.sub.LEBT,LEBT
VA:FE_LEBT:QE_D0844:V_RSET,V,readset,89,0.2052,FE_LEBT:QHE_D0844,13.817901,EQUAD,VA,ES_quad_X,QUAD_Q7,phantasy.sys.FE,phantasy.sub.LEBT,LEBT
VA:FE_LEBT:QE_D0844:V_RD,V,readback,89,0.2052,FE_LEBT:QHE_D0844,13.817901,EQUAD,VA,ES_quad_X,QUAD_Q7,phantasy.sys.FE,phantasy.sub.LEBT,LEBT
VA:FE_LEBT:QE_D0848:V_CSET,V,setpoint,91,0.2052,FE_LEBT:QVE_D0848,14.152901,EQUAD,VA,ES_quad_Y,QUAD_Q7,phantasy.sys.FE,phantasy.sub.LEBT,LEBT
VA:FE_LEBT:QE_D0848:V_RSET,V,readset,91,0.2052,FE_LEBT:QVE_D0848,14.152901,EQUAD,VA,ES_quad_Y,QUAD_Q7,phantasy.sys.FE,phantasy.sub.LEBT,LEBT
VA:FE_LEBT:QE_D0848:V_RD,V,readback,91,0.2052,FE_LEBT:QVE_D0848,14.152901,EQUAD,VA,ES_quad_Y,QUAD_Q7,phantasy.sys.FE,phantasy.sub.LEBT,LEBT
VA:FE_LEBT:QE_D0851:V_CSET,V,setpoint,93,0.2052,FE_LEBT:QHE_D0851,14.487901,EQUAD,VA,ES_quad_X,QUAD_Q7,phantasy.sys.FE,phantasy.sub.LEBT,LEBT
VA:FE_LEBT:QE_D0851:V_RSET,V,readset,93,0.2052,FE_LEBT:QHE_D0851,14.487901,EQUAD,VA,ES_quad_X,QUAD_Q7,phantasy.sys.FE,phantasy.sub.LEBT,LEBT
VA:FE_LEBT:QE_D0851:V_RD,V,readback,93,0.2052,FE_LEBT:QHE_D0851,14.487901,EQUAD,VA,ES_quad_X,QUAD_Q7,phantasy.sys.FE,phantasy.sub.LEBT,LEBT
VA:FE_LEBT:PM_D0856:X_RD,X,readback,95,0.0,FE_LEBT:PM_D0856,14.8283167326,PM,VA,profile monitor (large fork),PM1,phantasy.sys.FE,phantasy.sub.LEBT,LEBT
VA:FE_LEBT:PM_D0856:Y_RD,Y,readback,95,0.0,FE_LEBT:PM_D0856,14.8283167326,PM,VA,profile monitor (large fork),PM1,phantasy.sys.FE,phantasy.sub.LEBT,LEBT
VA:FE_LEBT:PM_D0856:XY_RD,XY,readback,95,0.0,FE_LEBT:PM_D0856,14.8283167326,PM,VA,profile monitor (large fork),PM1,phantasy.sys.FE,phantasy.sub.LEBT,LEBT
VA:FE_LEBT:PM_D0856:XRMS_RD,XRMS,readback,95,0.0,FE_LEBT:PM_D0856,14.8283167326,PM,VA,profile monitor (large fork),PM1,phantasy.sys.FE,phantasy.sub.LEBT,LEBT
VA:FE_LEBT:PM_D0856:YRMS_RD,YRMS,readback,95,0.0,FE_LEBT:PM_D0856,14.8283167326,PM,VA,profile monitor (large fork),PM1,phantasy.sys.FE,phantasy.sub.LEBT,LEBT
VA:FE_LEBT:PM_D0856:XYRMS_RD,XYRMS,readback,95,0.0,FE_LEBT:PM_D0856,14.8283167326,PM,VA,profile monitor (large fork),PM1,phantasy.sys.FE,phantasy.sub.LEBT,LEBT
VA:FE_LEBT:DCH_D0868:ANG_CSET,ANG,setpoint,100,0.0,FE_LEBT:DCH_D0868,16.0840509956,HCOR,VA,horiz. corrector magnet,C4,phantasy.sys.FE,phantasy.sub.LEBT,LEBT
VA:FE_LEBT:DCH_D0868:ANG_RSET,ANG,readset,100,0.0,FE_LEBT:DCH_D0868,16.0840509956,HCOR,VA,horiz. corrector magnet,C4,phantasy.sys.FE,phantasy.sub.LEBT,LEBT
VA:FE_LEBT:DCH_D0868:ANG_RD,ANG,readback,100,0.0,FE_LEBT:DCH_D0868,16.0840509956,HCOR,VA,horiz. corrector magnet,C4,phantasy.sys.FE,phantasy.sub.LEBT,LEBT
VA:FE_LEBT:DCV_D0868:ANG_CSET,ANG,setpoint,100,0.0,FE_LEBT:DCV_D0868,16.0840509956,VCOR,VA,vert. corrector magnet,C4,phantasy.sys.FE,phantasy.sub.LEBT,LEBT
VA:FE_LEBT:DCV_D0868:ANG_RSET,ANG,readset,100,0.0,FE_LEBT:DCV_D0868,16.0840509956,VCOR,VA,vert. corrector magnet,C4,phantasy.sys.FE,phantasy.sub.LEBT,LEBT
VA:FE_LEBT:DCV_D0868:ANG_RD,ANG,readback,100,0.0,FE_LEBT:DCV_D0868,16.0840509956,VCOR,VA,vert. corrector magnet,C4,phantasy.sys.FE,phantasy.sub.LEBT,LEBT
VA:FE_LEBT:QE_D0871:V_CSET,V,setpoint,102,0.2052,FE_LEBT:QVE_D0871,16.4666509956,EQUAD,VA,ES_quad_Y,QUAD_Q7,phantasy.sys.FE,phantasy.sub.LEBT,LEBT
VA:FE_LEBT:QE_D0871:V_RSET,V,readset,102,0.2052,FE_LEBT:QVE_D0871,16.4666509956,EQUAD,VA,ES_quad_Y,QUAD_Q7,phantasy.sys.FE,phantasy.sub.LEBT,LEBT
VA:FE_LEBT:QE_D0871:V_RD,V,readback,102,0.2052,FE_LEBT:QVE_D0871,16.4666509956,EQUAD,VA,ES_quad_Y,QUAD_Q7,phantasy.sys.FE,phantasy.sub.LEBT,LEBT
VA:FE_LEBT:QE_D0874:V_CSET,V,setpoint,104,0.2052,FE_LEBT:QHE_D0874,16.8016509956,EQUAD,VA,ES_quad_X,QUAD_Q7,phantasy.sys.FE,phantasy.sub.LEBT,LEBT
VA:FE_LEBT:QE_D0874:V_RSET,V,readset,104,0.2052,FE_LEBT:QHE_D0874,16.8016509956,EQUAD,VA,ES_quad_X,QUAD_Q7,phantasy.sys.FE,phantasy.sub.LEBT,LEBT
VA:FE_LEBT:QE_D0874:V_RD,V,readback,104,0.2052,FE_LEBT:QHE_D0874,16.8016509956,EQUAD,VA,ES_quad_X,QUAD_Q7,phantasy.sys.FE,phantasy.sub.LEBT,LEBT
VA:FE_LEBT:QE_D0878:V_CSET,V,setpoint,106,0.2052,FE_LEBT:QVE_D0878,17.1366509956,EQUAD,VA,ES_quad_Y,QUAD_Q7,phantasy.sys.FE,phantasy.sub.LEBT,LEBT
VA:FE_LEBT:QE_D0878:V_RSET,V,readset,106,0.2052,FE_LEBT:QVE_D0878,17.1366509956,EQUAD,VA,ES_quad_Y,QUAD_Q7,phantasy.sys.FE,phantasy.sub.LEBT,LEBT
VA:FE_LEBT:QE_D0878:V_RD,V,readback,106,0.2052,FE_LEBT:QVE_D0878,17.1366509956,EQUAD,VA,ES_quad_Y,QUAD_Q7,phantasy.sys.FE,phantasy.sub.LEBT,LEBT
VA:FE_LEBT:DCH_D0880:ANG_CSET,ANG,setpoint,108,0.0,FE_LEBT:DCH_D0880,17.3140509956,HCOR,VA,horiz. corrector magnet,C4,phantasy.sys.FE,phantasy.sub.LEBT,LEBT
VA:FE_LEBT:DCH_D0880:ANG_RSET,ANG,readset,108,0.0,FE_LEBT:DCH_D0880,17.3140509956,HCOR,VA,horiz. corrector magnet,C4,phantasy.sys.FE,phantasy.sub.LEBT,LEBT
VA:FE_LEBT:DCH_D0880:ANG_RD,ANG,readback,108,0.0,FE_LEBT:DCH_D0880,17.3140509956,HCOR,VA,horiz. corrector magnet,C4,phantasy.sys.FE,phantasy.sub.LEBT,LEBT
VA:FE_LEBT:DCV_D0880:ANG_CSET,ANG,setpoint,108,0.0,FE_LEBT:DCV_D0880,17.3140509956,VCOR,VA,vert. corrector magnet,C4,phantasy.sys.FE,phantasy.sub.LEBT,LEBT
VA:FE_LEBT:DCV_D0880:ANG_RSET,ANG,readset,108,0.0,FE_LEBT:DCV_D0880,17.3140509956,VCOR,VA,vert. corrector magnet,C4,phantasy.sys.FE,phantasy.sub.LEBT,LEBT
VA:FE_LEBT:DCV_D0880:ANG_RD,ANG,readback,108,0.0,FE_LEBT:DCV_D0880,17.3140509956,VCOR,VA,vert. corrector magnet,C4,phantasy.sys.FE,phantasy.sub.LEBT,LEBT
VA:FE_LEBT:PM_D0885:X_RD,X,readback,110,0.0,FE_LEBT:PM_D0885,17.7887805836,PM,VA,profile monitor (large fork),PM1,phantasy.sys.FE,phantasy.sub.LEBT,LEBT
VA:FE_LEBT:PM_D0885:Y_RD,Y,readback,110,0.0,FE_LEBT:PM_D0885,17.7887805836,PM,VA,profile monitor (large fork),PM1,phantasy.sys.FE,phantasy.sub.LEBT,LEBT
VA:FE_LEBT:PM_D0885:XY_RD,XY,readback,110,0.0,FE_LEBT:PM_D0885,17.7887805836,PM,VA,profile monitor (large fork),PM1,phantasy.sys.FE,phantasy.sub.LEBT,LEBT
VA:FE_LEBT:PM_D0885:XRMS_RD,XRMS,readback,110,0.0,FE_LEBT:PM_D0885,17.7887805836,PM,VA,profile monitor (large fork),PM1,phantasy.sys.FE,phantasy.sub.LEBT,LEBT
VA:FE_LEBT:PM_D0885:YRMS_RD,YRMS,readback,110,0.0,FE_LEBT:PM_D0885,17.7887805836,PM,VA,profile monitor (large fork),PM1,phantasy.sys.FE,phantasy.sub.LEBT,LEBT
VA:FE_LEBT:PM_D0885:XYRMS_RD,XYRMS,readback,110,0.0,FE_LEBT:PM_D0885,17.7887805836,PM,VA,profile monitor (large fork),PM1,phantasy.sys.FE,phantasy.sub.LEBT,LEBT
VA:FE_LEBT:QE_D0891:V_CSET,V,setpoint,115,0.2052,FE_LEBT:QVE_D0891,18.4966510036,EQUAD,VA,ES_quad_Y,QUAD_Q7,phantasy.sys.FE,phantasy.sub.LEBT,LEBT
VA:FE_LEBT:QE_D0891:V_RSET,V,readset,115,0.2052,FE_LEBT:QVE_D0891,18.4966510036,EQUAD,VA,ES_quad_Y,QUAD_Q7,phantasy.sys.FE,phantasy.sub.LEBT,LEBT
VA:FE_LEBT:QE_D0891:V_RD,V,readback,115,0.2052,FE_LEBT:QVE_D0891,18.4966510036,EQUAD,VA,ES_quad_Y,QUAD_Q7,phantasy.sys.FE,phantasy.sub.LEBT,LEBT
VA:FE_LEBT:QE_D0895:V_CSET,V,setpoint,117,0.2052,FE_LEBT:QHE_D0895,18.8316510036,EQUAD,VA,ES_quad_X,QUAD_Q7,phantasy.sys.FE,phantasy.sub.LEBT,LEBT
VA:FE_LEBT:QE_D0895:V_RSET,V,readset,117,0.2052,FE_LEBT:QHE_D0895,18.8316510036,EQUAD,VA,ES_quad_X,QUAD_Q7,phantasy.sys.FE,phantasy.sub.LEBT,LEBT
VA:FE_LEBT:QE_D0895:V_RD,V,readback,117,0.2052,FE_LEBT:QHE_D0895,18.8316510036,EQUAD,VA,ES_quad_X,QUAD_Q7,phantasy.sys.FE,phantasy.sub.LEBT,LEBT
VA:FE_LEBT:QE_D0898:V_CSET,V,setpoint,119,0.2052,FE_LEBT:QVE_D0898,19.1666510036,EQUAD,VA,ES_quad_Y,QUAD_Q7,phantasy.sys.FE,phantasy.sub.LEBT,LEBT
VA:FE_LEBT:QE_D0898:V_RSET,V,readset,119,0.2052,FE_LEBT:QVE_D0898,19.1666510036,EQUAD,VA,ES_quad_Y,QUAD_Q7,phantasy.sys.FE,phantasy.sub.LEBT,LEBT
VA:FE_LEBT:QE_D0898:V_RD,V,readback,119,0.2052,FE_LEBT:QVE_D0898,19.1666510036,EQUAD,VA,ES_quad_Y,QUAD_Q7,phantasy.sys.FE,phantasy.sub.LEBT,LEBT
VA:FE_LEBT:DCH_D0901:ANG_CSET,ANG,setpoint,121,0.0,FE_LEBT:DCH_D0901,19.3440510036,HCOR,VA,horiz. corrector magnet,C4,phantasy.sys.FE,phantasy.sub.LEBT,LEBT
VA:FE_LEBT:DCH_D0901:ANG_RSET,ANG,readset,121,0.0,FE_LEBT:DCH_D0901,19.3440510036,HCOR,VA,horiz. corrector magnet,C4,phantasy.sys.FE,phantasy.sub.LEBT,LEBT
VA:FE_LEBT:DCH_D0901:ANG_RD,ANG,readback,121,0.0,FE_LEBT:DCH_D0901,19.3440510036,HCOR,VA,horiz. corrector magnet,C4,phantasy.sys.FE,phantasy.sub.LEBT,LEBT
VA:FE_LEBT:DCV_D0901:ANG_CSET,ANG,setpoint,121,0.0,FE_LEBT:DCV_D0901,19.3440510036,VCOR,VA,vert. corrector magnet,C4,phantasy.sys.FE,phantasy.sub.LEBT,LEBT
VA:FE_LEBT:DCV_D0901:ANG_RSET,ANG,readset,121,0.0,FE_LEBT:DCV_D0901,19.3440510036,VCOR,VA,vert. corrector magnet,C4,phantasy.sys.FE,phantasy.sub.LEBT,LEBT
VA:FE_LEBT:DCV_D0901:ANG_RD,ANG,readback,121,0.0,FE_LEBT:DCV_D0901,19.3440510036,VCOR,VA,vert. corrector magnet,C4,phantasy.sys.FE,phantasy.sub.LEBT,LEBT
VA:FE_LEBT:PM_D0912:X_RD,X,readback,127,0.0,FE_LEBT:PM_D0912,20.4375306036,PM,VA,profile monitor (large fork),PM1,phantasy.sys.FE,phantasy.sub.LEBT,LEBT
VA:FE_LEBT:PM_D0912:Y_RD,Y,readback,127,0.0,FE_LEBT:PM_D0912,20.4375306036,PM,VA,profile monitor (large fork),PM1,phantasy.sys.FE,phantasy.sub.LEBT,LEBT
VA:FE_LEBT:PM_D0912:XY_RD,XY,readback,127,0.0,FE_LEBT:PM_D0912,20.4375306036,PM,VA,profile monitor (large fork),PM1,phantasy.sys.FE,phantasy.sub.LEBT,LEBT
VA:FE_LEBT:PM_D0912:XRMS_RD,XRMS,readback,127,0.0,FE_LEBT:PM_D0912,20.4375306036,PM,VA,profile monitor (large fork),PM1,phantasy.sys.FE,phantasy.sub.LEBT,LEBT
VA:FE_LEBT:PM_D0912:YRMS_RD,YRMS,readback,127,0.0,FE_LEBT:PM_D0912,20.4375306036,PM,VA,profile monitor (large fork),PM1,phantasy.sys.FE,phantasy.sub.LEBT,LEBT
VA:FE_LEBT:PM_D0912:XYRMS_RD,XYRMS,readback,127,0.0,FE_LEBT:PM_D0912,20.4375306036,PM,VA,profile monitor (large fork),PM1,phantasy.sys.FE,phantasy.sub.LEBT,LEBT
VA:FE_LEBT:QE_D0918:V_CSET,V,setpoint,129,0.2052,FE_LEBT:QHE_D0918,21.1454010036,EQUAD,VA,ES_quad_X,QUAD_Q7,phantasy.sys.FE,phantasy.sub.LEBT,LEBT
VA:FE_LEBT:QE_D0918:V_RSET,V,readset,129,0.2052,FE_LEBT:QHE_D0918,21.1454010036,EQUAD,VA,ES_quad_X,QUAD_Q7,phantasy.sys.FE,phantasy.sub.LEBT,LEBT
VA:FE_LEBT:QE_D0918:V_RD,V,readback,129,0.2052,FE_LEBT:QHE_D0918,21.1454010036,EQUAD,VA,ES_quad_X,QUAD_Q7,phantasy.sys.FE,phantasy.sub.LEBT,LEBT
VA:FE_LEBT:QE_D0921:V_CSET,V,setpoint,131,0.2052,FE_LEBT:QVE_D0921,21.4804010036,EQUAD,VA,ES_quad_Y,QUAD_Q7,phantasy.sys.FE,phantasy.sub.LEBT,LEBT
VA:FE_LEBT:QE_D0921:V_RSET,V,readset,131,0.2052,FE_LEBT:QVE_D0921,21.4804010036,EQUAD,VA,ES_quad_Y,QUAD_Q7,phantasy.sys.FE,phantasy.sub.LEBT,LEBT
VA:FE_LEBT:QE_D0921:V_RD,V,readback,131,0.2052,FE_LEBT:QVE_D0921,21.4804010036,EQUAD,VA,ES_quad_Y,QUAD_Q7,phantasy.sys.FE,phantasy.sub.LEBT,LEBT
VA:FE_LEBT:QE_D0924:V_CSET,V,setpoint,133,0.2052,FE_LEBT:QHE_D0924,21.8154010036,EQUAD,VA,ES_quad_X,QUAD_Q7,phantasy.sys.FE,phantasy.sub.LEBT,LEBT
VA:FE_LEBT:QE_D0924:V_RSET,V,readset,133,0.2052,FE_LEBT:QHE_D0924,21.8154010036,EQUAD,VA,ES_quad_X,QUAD_Q7,phantasy.sys.FE,phantasy.sub.LEBT,LEBT
VA:FE_LEBT:QE_D0924:V_RD,V,readback,133,0.2052,FE_LEBT:QHE_D0924,21.8154010036,EQUAD,VA,ES_quad_X,QUAD_Q7,phantasy.sys.FE,phantasy.sub.LEBT,LEBT
VA:FE_LEBT:DCH_D0929:ANG_CSET,ANG,setpoint,135,0.0,FE_LEBT:DCH_D0929,22.1478010036,HCOR,VA,horiz. corrector magnet,C4,phantasy.sys.FE,phantasy.sub.LEBT,LEBT
VA:FE_LEBT:DCH_D0929:ANG_RSET,ANG,readset,135,0.0,FE_LEBT:DCH_D0929,22.1478010036,HCOR,VA,horiz. corrector magnet,C4,phantasy.sys.FE,phantasy.sub.LEBT,LEBT
VA:FE_LEBT:DCH_D0929:ANG_RD,ANG,readback,135,0.0,FE_LEBT:DCH_D0929,22.1478010036,HCOR,VA,horiz. corrector magnet,C4,phantasy.sys.FE,phantasy.sub.LEBT,LEBT
VA:FE_LEBT:DCV_D0929:ANG_CSET,ANG,setpoint,135,0.0,FE_LEBT:DCV_D0929,22.1478010036,VCOR,VA,vert. corrector magnet,C4,phantasy.sys.FE,phantasy.sub.LEBT,LEBT
VA:FE_LEBT:DCV_D0929:ANG_RSET,ANG,readset,135,0.0,FE_LEBT:DCV_D0929,22.1478010036,VCOR,VA,vert. corrector magnet,C4,phantasy.sys.FE,phantasy.sub.LEBT,LEBT
VA:FE_LEBT:DCV_D0929:ANG_RD,ANG,readback,135,0.0,FE_LEBT:DCV_D0929,22.1478010036,VCOR,VA,vert. corrector magnet,C4,phantasy.sys.FE,phantasy.sub.LEBT,LEBT
VA:FE_LEBT:DVE_D0936:V_CSET,V,setpoint,137,1.0,FE_LEBT:DVE_D0936,23.3628010036,EBEND,VA,ES_bender 2,BEND_D7,phantasy.sys.FE,phantasy.sub.LEBT,LEBT
VA:FE_LEBT:DVE_D0936:V_RSET,V,readset,137,1.0,FE_LEBT:DVE_D0936,23.3628010036,EBEND,VA,ES_bender 2,BEND_D7,phantasy.sys.FE,phantasy.sub.LEBT,LEBT
VA:FE_LEBT:DVE_D0936:V_RD,V,readback,137,1.0,FE_LEBT:DVE_D0936,23.3628010036,EBEND,VA,ES_bender 2,BEND_D7,phantasy.sys.FE,phantasy.sub.LEBT,LEBT
VA:FE_LEBT:PM_D0945:X_RD,X,readback,143,0.0,FE_LEBT:PM_D0945,23.7683720636,PM,VA,profile monitor (large fork),PM1,phantasy.sys.FE,phantasy.sub.LEBT,LEBT
VA:FE_LEBT:PM_D0945:Y_RD,Y,readback,143,0.0,FE_LEBT:PM_D0945,23.7683720636,PM,VA,profile monitor (large fork),PM1,phantasy.sys.FE,phantasy.sub.LEBT,LEBT
VA:FE_LEBT:PM_D0945:XY_RD,XY,readback,143,0.0,FE_LEBT:PM_D0945,23.7683720636,PM,VA,profile monitor (large fork),PM1,phantasy.sys.FE,phantasy.sub.LEBT,LEBT
VA:FE_LEBT:PM_D0945:XRMS_RD,XRMS,readback,143,0.0,FE_LEBT:PM_D0945,23.7683720636,PM,VA,profile monitor (large fork),PM1,phantasy.sys.FE,phantasy.sub.LEBT,LEBT
VA:FE_LEBT:PM_D0945:YRMS_RD,YRMS,readback,143,0.0,FE_LEBT:PM_D0945,23.7683720636,PM,VA,profile monitor (large fork),PM1,phantasy.sys.FE,phantasy.sub.LEBT,LEBT
VA:FE_LEBT:PM_D0945:XYRMS_RD,XYRMS,readback,143,0.0,FE_LEBT:PM_D0945,23.7683720636,PM,VA,profile monitor (large fork),PM1,phantasy.sys.FE,phantasy.sub.LEBT,LEBT
VA:FE_LEBT:DCH_D0948:ANG_CSET,ANG,setpoint,145,0.0,FE_LEBT:DCH_D0948,24.0421550036,HCOR,VA,horiz. corrector magnet,C4,phantasy.sys.FE,phantasy.sub.LEBT,LEBT
VA:FE_LEBT:DCH_D0948:ANG_RSET,ANG,readset,145,0.0,FE_LEBT:DCH_D0948,24.0421550036,HCOR,VA,horiz. corrector magnet,C4,phantasy.sys.FE,phantasy.sub.LEBT,LEBT
VA:FE_LEBT:DCH_D0948:ANG_RD,ANG,readback,145,0.0,FE_LEBT:DCH_D0948,24.0421550036,HCOR,VA,horiz. corrector magnet,C4,phantasy.sys.FE,phantasy.sub.LEBT,LEBT
VA:FE_LEBT:DCV_D0948:ANG_CSET,ANG,setpoint,145,0.0,FE_LEBT:DCV_D0948,24.0421550036,VCOR,VA,vert. corrector magnet,C4,phantasy.sys.FE,phantasy.sub.LEBT,LEBT
VA:FE_LEBT:DCV_D0948:ANG_RSET,ANG,readset,145,0.0,FE_LEBT:DCV_D0948,24.0421550036,VCOR,VA,vert. corrector magnet,C4,phantasy.sys.FE,phantasy.sub.LEBT,LEBT
VA:FE_LEBT:DCV_D0948:ANG_RD,ANG,readback,145,0.0,FE_LEBT:DCV_D0948,24.0421550036,VCOR,VA,vert. corrector magnet,C4,phantasy.sys.FE,phantasy.sub.LEBT,LEBT
VA:FE_LEBT:SOLR_D0951:B_CSET,B,setpoint,147,0.3998,FE_LEBT:SOLR_D0951,24.5627050036,SOL,VA,solenoid,SOL_S4,phantasy.sys.FE,phantasy.sub.LEBT,LEBT
VA:FE_LEBT:SOLR_D0951:B_RSET,B,readset,147,0.3998,FE_LEBT:SOLR_D0951,24.5627050036,SOL,VA,solenoid,SOL_S4,phantasy.sys.FE,phantasy.sub.LEBT,LEBT
VA:FE_LEBT:SOLR_D0951:B_RD,B,readback,147,0.3998,FE_LEBT:SOLR_D0951,24.5627050036,SOL,VA,solenoid,SOL_S4,phantasy.sys.FE,phantasy.sub.LEBT,LEBT
VA:FE_LEBT:PM_D0961:X_RD,X,readback,155,0.0,FE_LEBT:PM_D0961,25.3834880836,PM,VA,profile monitor (large fork),PM1,phantasy.sys.FE,phantasy.sub.LEBT,LEBT
VA:FE_LEBT:PM_D0961:Y_RD,Y,readback,155,0.0,FE_LEBT:PM_D0961,25.3834880836,PM,VA,profile monitor (large fork),PM1,phantasy.sys.FE,phantasy.sub.LEBT,LEBT
VA:FE_LEBT:PM_D0961:XY_RD,XY,readback,155,0.0,FE_LEBT:PM_D0961,25.3834880836,PM,VA,profile monitor (large fork),PM1,phantasy.sys.FE,phantasy.sub.LEBT,LEBT
VA:FE_LEBT:PM_D0961:XRMS_RD,XRMS,readback,155,0.0,FE_LEBT:PM_D0961,25.3834880836,PM,VA,profile monitor (large fork),PM1,phantasy.sys.FE,phantasy.sub.LEBT,LEBT
VA:FE_LEBT:PM_D0961:YRMS_RD,YRMS,readback,155,0.0,FE_LEBT:PM_D0961,25.3834880836,PM,VA,profile monitor (large fork),PM1,phantasy.sys.FE,phantasy.sub.LEBT,LEBT
VA:FE_LEBT:PM_D0961:XYRMS_RD,XYRMS,readback,155,0.0,FE_LEBT:PM_D0961,25.3834880836,PM,VA,profile monitor (large fork),PM1,phantasy.sys.FE,phantasy.sub.LEBT,LEBT
VA:FE_LEBT:DCH_D0964:ANG_CSET,ANG,setpoint,157,0.0,FE_LEBT:DCH_D0964,25.6823050036,HCOR,VA,horiz. corrector magnet,C4,phantasy.sys.FE,phantasy.sub.LEBT,LEBT
VA:FE_LEBT:DCH_D0964:ANG_RSET,ANG,readset,157,0.0,FE_LEBT:DCH_D0964,25.6823050036,HCOR,VA,horiz. corrector magnet,C4,phantasy.sys.FE,phantasy.sub.LEBT,LEBT
VA:FE_LEBT:DCH_D0964:ANG_RD,ANG,readback,157,0.0,FE_LEBT:DCH_D0964,25.6823050036,HCOR,VA,horiz. corrector magnet,C4,phantasy.sys.FE,phantasy.sub.LEBT,LEBT
VA:FE_LEBT:DCV_D0964:ANG_CSET,ANG,setpoint,157,0.0,FE_LEBT:DCV_D0964,25.6823050036,VCOR,VA,vert. corrector magnet,C4,phantasy.sys.FE,phantasy.sub.LEBT,LEBT
VA:FE_LEBT:DCV_D0964:ANG_RSET,ANG,readset,157,0.0,FE_LEBT:DCV_D0964,25.6823050036,VCOR,VA,vert. corrector magnet,C4,phantasy.sys.FE,phantasy.sub.LEBT,LEBT
VA:FE_LEBT:DCV_D0964:ANG_RD,ANG,readback,157,0.0,FE_LEBT:DCV_D0964,25.6823050036,VCOR,VA,vert. corrector magnet,C4,phantasy.sys.FE,phantasy.sub.LEBT,LEBT
VA:FE_LEBT:SOLR_D0967:B_CSET,B,setpoint,159,0.3998,FE_LEBT:SOLR_D0967,26.2028550036,SOL,VA,solenoid,SOL_S4,phantasy.sys.FE,phantasy.sub.LEBT,LEBT
VA:FE_LEBT:SOLR_D0967:B_RSET,B,readset,159,0.3998,FE_LEBT:SOLR_D0967,26.2028550036,SOL,VA,solenoid,SOL_S4,phantasy.sys.FE,phantasy.sub.LEBT,LEBT
VA:FE_LEBT:SOLR_D0967:B_RD,B,readback,159,0.3998,FE_LEBT:SOLR_D0967,26.2028550036,SOL,VA,solenoid,SOL_S4,phantasy.sys.FE,phantasy.sub.LEBT,LEBT
VA:FE_LEBT:PM_D0972:X_RD,X,readback,161,0.0,FE_LEBT:PM_D0972,26.4215056736,PM,VA,profile monitor (large fork),PM1,phantasy.sys.FE,phantasy.sub.LEBT,LEBT
VA:FE_LEBT:PM_D0972:Y_RD,Y,readback,161,0.0,FE_LEBT:PM_D0972,26.4215056736,PM,VA,profile monitor (large fork),PM1,phantasy.sys.FE,phantasy.sub.LEBT,LEBT
VA:FE_LEBT:PM_D0972:XY_RD,XY,readback,161,0.0,FE_LEBT:PM_D0972,26.4215056736,PM,VA,profile monitor (large fork),PM1,phantasy.sys.FE,phantasy.sub.LEBT,LEBT
VA:FE_LEBT:PM_D0972:XRMS_RD,XRMS,readback,161,0.0,FE_LEBT:PM_D0972,26.4215056736,PM,VA,profile monitor (large fork),PM1,phantasy.sys.FE,phantasy.sub.LEBT,LEBT
VA:FE_LEBT:PM_D0972:YRMS_RD,YRMS,readback,161,0.0,FE_LEBT:PM_D0972,26.4215056736,PM,VA,profile monitor (large fork),PM1,phantasy.sys.FE,phantasy.sub.LEBT,LEBT
VA:FE_LEBT:PM_D0972:XYRMS_RD,XYRMS,readback,161,0.0,FE_LEBT:PM_D0972,26.4215056736,PM,VA,profile monitor (large fork),PM1,phantasy.sys.FE,phantasy.sub.LEBT,LEBT
VA:FE_LEBT:DCH_D0979:ANG_CSET,ANG,setpoint,171,0.0,FE_LEBT:DCH_D0979,27.1574550036,HCOR,VA,horiz. corrector magnet,C4,phantasy.sys.FE,phantasy.sub.LEBT,LEBT
VA:FE_LEBT:DCH_D0979:ANG_RSET,ANG,readset,171,0.0,FE_LEBT:DCH_D0979,27.1574550036,HCOR,VA,horiz. corrector magnet,C4,phantasy.sys.FE,phantasy.sub.LEBT,LEBT
VA:FE_LEBT:DCH_D0979:ANG_RD,ANG,readback,171,0.0,FE_LEBT:DCH_D0979,27.1574550036,HCOR,VA,horiz. corrector magnet,C4,phantasy.sys.FE,phantasy.sub.LEBT,LEBT
VA:FE_LEBT:DCV_D0979:ANG_CSET,ANG,setpoint,171,0.0,FE_LEBT:DCV_D0979,27.1574550036,VCOR,VA,vert. corrector magnet,C4,phantasy.sys.FE,phantasy.sub.LEBT,LEBT
VA:FE_LEBT:DCV_D0979:ANG_RSET,ANG,readset,171,0.0,FE_LEBT:DCV_D0979,27.1574550036,VCOR,VA,vert. corrector magnet,C4,phantasy.sys.FE,phantasy.sub.LEBT,LEBT
VA:FE_LEBT:DCV_D0979:ANG_RD,ANG,readback,171,0.0,FE_LEBT:DCV_D0979,27.1574550036,VCOR,VA,vert. corrector magnet,C4,phantasy.sys.FE,phantasy.sub.LEBT,LEBT
VA:FE_LEBT:SOLR_D0982:B_CSET,B,setpoint,173,0.3998,FE_LEBT:SOLR_D0982,27.6780050036,SOL,VA,solenoid,SOL_S4,phantasy.sys.FE,phantasy.sub.LEBT,LEBT
VA:FE_LEBT:SOLR_D0982:B_RSET,B,readset,173,0.3998,FE_LEBT:SOLR_D0982,27.6780050036,SOL,VA,solenoid,SOL_S4,phantasy.sys.FE,phantasy.sub.LEBT,LEBT
VA:FE_LEBT:SOLR_D0982:B_RD,B,readback,173,0.3998,FE_LEBT:SOLR_D0982,27.6780050036,SOL,VA,solenoid,SOL_S4,phantasy.sys.FE,phantasy.sub.LEBT,LEBT
VA:FE_LEBT:PM_D0986:X_RD,X,readback,175,0.0,FE_LEBT:PM_D0986,27.8981040036,PM,VA,profile monitor (small fork),PM1,phantasy.sys.FE,phantasy.sub.LEBT,LEBT
VA:FE_LEBT:PM_D0986:Y_RD,Y,readback,175,0.0,FE_LEBT:PM_D0986,27.8981040036,PM,VA,profile monitor (small fork),PM1,phantasy.sys.FE,phantasy.sub.LEBT,LEBT
VA:FE_LEBT:PM_D0986:XY_RD,XY,readback,175,0.0,FE_LEBT:PM_D0986,27.8981040036,PM,VA,profile monitor (small fork),PM1,phantasy.sys.FE,phantasy.sub.LEBT,LEBT
VA:FE_LEBT:PM_D0986:XRMS_RD,XRMS,readback,175,0.0,FE_LEBT:PM_D0986,27.8981040036,PM,VA,profile monitor (small fork),PM1,phantasy.sys.FE,phantasy.sub.LEBT,LEBT
VA:FE_LEBT:PM_D0986:YRMS_RD,YRMS,readback,175,0.0,FE_LEBT:PM_D0986,27.8981040036,PM,VA,profile monitor (small fork),PM1,phantasy.sys.FE,phantasy.sub.LEBT,LEBT
VA:FE_LEBT:PM_D0986:XYRMS_RD,XYRMS,readback,175,0.0,FE_LEBT:PM_D0986,27.8981040036,PM,VA,profile monitor (small fork),PM1,phantasy.sys.FE,phantasy.sub.LEBT,LEBT
