s,name,pv_x,pv_y,pv_pha,pv_mag,pv_x_ref,pv_y_ref,pv_pha_ref,pv_mag_ref,pv_dx_ref,pv_dy_ref,pv_dpha_ref,pv_mag_ratio
105.58873,FE_MEBT:BPM_D1056,FE_MEBT:BPM_D1056:XPOS_RD,FE_MEBT:BPM_D1056:YPOS_RD,FE_MEBT:BPM_D1056:PHASE_RD,FE_MEBT:BPM_D1056:MAG_RD,FE_MEBT:BPM_D1056:XPOS_REF_RD,FE_MEBT:BPM_D1056:YPOS_REF_RD,FE_MEBT:BPM_D1056:PHASE_REF_RD,FE_MEBT:BPM_D1056:MAG_REF_RD,FE_MEBT:BPM_D1056:XPOS_DRDREF,FE_MEBT:BPM_D1056:YPOS_DRDREF,FE_MEBT:BPM_D1056:PHASE_DRDREF,FE_MEBT:BPM_D1056:MAG_RATIO
107.242937,FE_MEBT:BPM_D1072,FE_MEBT:BPM_D1072:XPOS_RD,FE_MEBT:BPM_D1072:YPOS_RD,FE_MEBT:BPM_D1072:PHASE_RD,FE_MEBT:BPM_D1072:MAG_RD,FE_MEBT:BPM_D1072:XPOS_REF_RD,FE_MEBT:BPM_D1072:YPOS_REF_RD,FE_MEBT:BPM_D1072:PHASE_REF_RD,FE_MEBT:BPM_D1072:MAG_REF_RD,FE_MEBT:BPM_D1072:XPOS_DRDREF,FE_MEBT:BPM_D1072:YPOS_DRDREF,FE_MEBT:BPM_D1072:PHASE_DRDREF,FE_MEBT:BPM_D1072:MAG_RATIO
109.38521,FE_MEBT:BPM_D1094,FE_MEBT:BPM_D1094:XPOS_RD,FE_MEBT:BPM_D1094:YPOS_RD,FE_MEBT:BPM_D1094:PHASE_RD,FE_MEBT:BPM_D1094:MAG_RD,FE_MEBT:BPM_D1094:XPOS_REF_RD,FE_MEBT:BPM_D1094:YPOS_REF_RD,FE_MEBT:BPM_D1094:PHASE_REF_RD,FE_MEBT:BPM_D1094:MAG_REF_RD,FE_MEBT:BPM_D1094:XPOS_DRDREF,FE_MEBT:BPM_D1094:YPOS_DRDREF,FE_MEBT:BPM_D1094:PHASE_DRDREF,FE_MEBT:BPM_D1094:MAG_RATIO
111.100147,FE_MEBT:BPM_D1111,FE_MEBT:BPM_D1111:XPOS_RD,FE_MEBT:BPM_D1111:YPOS_RD,FE_MEBT:BPM_D1111:PHASE_RD,FE_MEBT:BPM_D1111:MAG_RD,FE_MEBT:BPM_D1111:XPOS_REF_RD,FE_MEBT:BPM_D1111:YPOS_REF_RD,FE_MEBT:BPM_D1111:PHASE_REF_RD,FE_MEBT:BPM_D1111:MAG_REF_RD,FE_MEBT:BPM_D1111:XPOS_DRDREF,FE_MEBT:BPM_D1111:YPOS_DRDREF,FE_MEBT:BPM_D1111:PHASE_DRDREF,FE_MEBT:BPM_D1111:MAG_RATIO
112.898273,LS1_CA01:BPM_D1129,LS1_CA01:BPM_D1129:XPOS_RD,LS1_CA01:BPM_D1129:YPOS_RD,LS1_CA01:BPM_D1129:PHASE_RD,LS1_CA01:BPM_D1129:MAG_RD,LS1_CA01:BPM_D1129:XPOS_REF_RD,LS1_CA01:BPM_D1129:YPOS_REF_RD,LS1_CA01:BPM_D1129:PHASE_REF_RD,LS1_CA01:BPM_D1129:MAG_REF_RD,LS1_CA01:BPM_D1129:XPOS_DRDREF,LS1_CA01:BPM_D1129:YPOS_DRDREF,LS1_CA01:BPM_D1129:PHASE_DRDREF,LS1_CA01:BPM_D1129:MAG_RATIO
114.373512,LS1_CA01:BPM_D1144,LS1_CA01:BPM_D1144:XPOS_RD,LS1_CA01:BPM_D1144:YPOS_RD,LS1_CA01:BPM_D1144:PHASE_RD,LS1_CA01:BPM_D1144:MAG_RD,LS1_CA01:BPM_D1144:XPOS_REF_RD,LS1_CA01:BPM_D1144:YPOS_REF_RD,LS1_CA01:BPM_D1144:PHASE_REF_RD,LS1_CA01:BPM_D1144:MAG_REF_RD,LS1_CA01:BPM_D1144:XPOS_DRDREF,LS1_CA01:BPM_D1144:YPOS_DRDREF,LS1_CA01:BPM_D1144:PHASE_DRDREF,LS1_CA01:BPM_D1144:MAG_RATIO
115.468592,LS1_WA01:BPM_D1155,LS1_WA01:BPM_D1155:XPOS_RD,LS1_WA01:BPM_D1155:YPOS_RD,LS1_WA01:BPM_D1155:PHASE_RD,LS1_WA01:BPM_D1155:MAG_RD,LS1_WA01:BPM_D1155:XPOS_REF_RD,LS1_WA01:BPM_D1155:YPOS_REF_RD,LS1_WA01:BPM_D1155:PHASE_REF_RD,LS1_WA01:BPM_D1155:MAG_REF_RD,LS1_WA01:BPM_D1155:XPOS_DRDREF,LS1_WA01:BPM_D1155:YPOS_DRDREF,LS1_WA01:BPM_D1155:PHASE_DRDREF,LS1_WA01:BPM_D1155:MAG_RATIO
116.271368,LS1_CA02:BPM_D1163,LS1_CA02:BPM_D1163:XPOS_RD,LS1_CA02:BPM_D1163:YPOS_RD,LS1_CA02:BPM_D1163:PHASE_RD,LS1_CA02:BPM_D1163:MAG_RD,LS1_CA02:BPM_D1163:XPOS_REF_RD,LS1_CA02:BPM_D1163:YPOS_REF_RD,LS1_CA02:BPM_D1163:PHASE_REF_RD,LS1_CA02:BPM_D1163:MAG_REF_RD,LS1_CA02:BPM_D1163:XPOS_DRDREF,LS1_CA02:BPM_D1163:YPOS_DRDREF,LS1_CA02:BPM_D1163:PHASE_DRDREF,LS1_CA02:BPM_D1163:MAG_RATIO
117.746607,LS1_CA02:BPM_D1177,LS1_CA02:BPM_D1177:XPOS_RD,LS1_CA02:BPM_D1177:YPOS_RD,LS1_CA02:BPM_D1177:PHASE_RD,LS1_CA02:BPM_D1177:MAG_RD,LS1_CA02:BPM_D1177:XPOS_REF_RD,LS1_CA02:BPM_D1177:YPOS_REF_RD,LS1_CA02:BPM_D1177:PHASE_REF_RD,LS1_CA02:BPM_D1177:MAG_REF_RD,LS1_CA02:BPM_D1177:XPOS_DRDREF,LS1_CA02:BPM_D1177:YPOS_DRDREF,LS1_CA02:BPM_D1177:PHASE_DRDREF,LS1_CA02:BPM_D1177:MAG_RATIO
118.841687,LS1_WA02:BPM_D1188,LS1_WA02:BPM_D1188:XPOS_RD,LS1_WA02:BPM_D1188:YPOS_RD,LS1_WA02:BPM_D1188:PHASE_RD,LS1_WA02:BPM_D1188:MAG_RD,LS1_WA02:BPM_D1188:XPOS_REF_RD,LS1_WA02:BPM_D1188:YPOS_REF_RD,LS1_WA02:BPM_D1188:PHASE_REF_RD,LS1_WA02:BPM_D1188:MAG_REF_RD,LS1_WA02:BPM_D1188:XPOS_DRDREF,LS1_WA02:BPM_D1188:YPOS_DRDREF,LS1_WA02:BPM_D1188:PHASE_DRDREF,LS1_WA02:BPM_D1188:MAG_RATIO
119.644463,LS1_CA03:BPM_D1196,LS1_CA03:BPM_D1196:XPOS_RD,LS1_CA03:BPM_D1196:YPOS_RD,LS1_CA03:BPM_D1196:PHASE_RD,LS1_CA03:BPM_D1196:MAG_RD,LS1_CA03:BPM_D1196:XPOS_REF_RD,LS1_CA03:BPM_D1196:YPOS_REF_RD,LS1_CA03:BPM_D1196:PHASE_REF_RD,LS1_CA03:BPM_D1196:MAG_REF_RD,LS1_CA03:BPM_D1196:XPOS_DRDREF,LS1_CA03:BPM_D1196:YPOS_DRDREF,LS1_CA03:BPM_D1196:PHASE_DRDREF,LS1_CA03:BPM_D1196:MAG_RATIO
121.119702,LS1_CA03:BPM_D1211,LS1_CA03:BPM_D1211:XPOS_RD,LS1_CA03:BPM_D1211:YPOS_RD,LS1_CA03:BPM_D1211:PHASE_RD,LS1_CA03:BPM_D1211:MAG_RD,LS1_CA03:BPM_D1211:XPOS_REF_RD,LS1_CA03:BPM_D1211:YPOS_REF_RD,LS1_CA03:BPM_D1211:PHASE_REF_RD,LS1_CA03:BPM_D1211:MAG_REF_RD,LS1_CA03:BPM_D1211:XPOS_DRDREF,LS1_CA03:BPM_D1211:YPOS_DRDREF,LS1_CA03:BPM_D1211:PHASE_DRDREF,LS1_CA03:BPM_D1211:MAG_RATIO
122.214782,LS1_WA03:BPM_D1222,LS1_WA03:BPM_D1222:XPOS_RD,LS1_WA03:BPM_D1222:YPOS_RD,LS1_WA03:BPM_D1222:PHASE_RD,LS1_WA03:BPM_D1222:MAG_RD,LS1_WA03:BPM_D1222:XPOS_REF_RD,LS1_WA03:BPM_D1222:YPOS_REF_RD,LS1_WA03:BPM_D1222:PHASE_REF_RD,LS1_WA03:BPM_D1222:MAG_REF_RD,LS1_WA03:BPM_D1222:XPOS_DRDREF,LS1_WA03:BPM_D1222:YPOS_DRDREF,LS1_WA03:BPM_D1222:PHASE_DRDREF,LS1_WA03:BPM_D1222:MAG_RATIO
123.134187,LS1_CB01:BPM_D1231,LS1_CB01:BPM_D1231:XPOS_RD,LS1_CB01:BPM_D1231:YPOS_RD,LS1_CB01:BPM_D1231:PHASE_RD,LS1_CB01:BPM_D1231:MAG_RD,LS1_CB01:BPM_D1231:XPOS_REF_RD,LS1_CB01:BPM_D1231:YPOS_REF_RD,LS1_CB01:BPM_D1231:PHASE_REF_RD,LS1_CB01:BPM_D1231:MAG_REF_RD,LS1_CB01:BPM_D1231:XPOS_DRDREF,LS1_CB01:BPM_D1231:YPOS_DRDREF,LS1_CB01:BPM_D1231:PHASE_DRDREF,LS1_CB01:BPM_D1231:MAG_RATIO
125.131913,LS1_CB01:BPM_D1251,LS1_CB01:BPM_D1251:XPOS_RD,LS1_CB01:BPM_D1251:YPOS_RD,LS1_CB01:BPM_D1251:PHASE_RD,LS1_CB01:BPM_D1251:MAG_RD,LS1_CB01:BPM_D1251:XPOS_REF_RD,LS1_CB01:BPM_D1251:YPOS_REF_RD,LS1_CB01:BPM_D1251:PHASE_REF_RD,LS1_CB01:BPM_D1251:MAG_REF_RD,LS1_CB01:BPM_D1251:XPOS_DRDREF,LS1_CB01:BPM_D1251:YPOS_DRDREF,LS1_CB01:BPM_D1251:PHASE_DRDREF,LS1_CB01:BPM_D1251:MAG_RATIO
127.129639,LS1_CB01:BPM_D1271,LS1_CB01:BPM_D1271:XPOS_RD,LS1_CB01:BPM_D1271:YPOS_RD,LS1_CB01:BPM_D1271:PHASE_RD,LS1_CB01:BPM_D1271:MAG_RD,LS1_CB01:BPM_D1271:XPOS_REF_RD,LS1_CB01:BPM_D1271:YPOS_REF_RD,LS1_CB01:BPM_D1271:PHASE_REF_RD,LS1_CB01:BPM_D1271:MAG_REF_RD,LS1_CB01:BPM_D1271:XPOS_DRDREF,LS1_CB01:BPM_D1271:YPOS_DRDREF,LS1_CB01:BPM_D1271:PHASE_DRDREF,LS1_CB01:BPM_D1271:MAG_RATIO
128.587207,LS1_WB01:BPM_D1286,LS1_WB01:BPM_D1286:XPOS_RD,LS1_WB01:BPM_D1286:YPOS_RD,LS1_WB01:BPM_D1286:PHASE_RD,LS1_WB01:BPM_D1286:MAG_RD,LS1_WB01:BPM_D1286:XPOS_REF_RD,LS1_WB01:BPM_D1286:YPOS_REF_RD,LS1_WB01:BPM_D1286:PHASE_REF_RD,LS1_WB01:BPM_D1286:MAG_REF_RD,LS1_WB01:BPM_D1286:XPOS_DRDREF,LS1_WB01:BPM_D1286:YPOS_DRDREF,LS1_WB01:BPM_D1286:PHASE_DRDREF,LS1_WB01:BPM_D1286:MAG_RATIO
129.506612,LS1_CB02:BPM_D1295,LS1_CB02:BPM_D1295:XPOS_RD,LS1_CB02:BPM_D1295:YPOS_RD,LS1_CB02:BPM_D1295:PHASE_RD,LS1_CB02:BPM_D1295:MAG_RD,LS1_CB02:BPM_D1295:XPOS_REF_RD,LS1_CB02:BPM_D1295:YPOS_REF_RD,LS1_CB02:BPM_D1295:PHASE_REF_RD,LS1_CB02:BPM_D1295:MAG_REF_RD,LS1_CB02:BPM_D1295:XPOS_DRDREF,LS1_CB02:BPM_D1295:YPOS_DRDREF,LS1_CB02:BPM_D1295:PHASE_DRDREF,LS1_CB02:BPM_D1295:MAG_RATIO
131.504338,LS1_CB02:BPM_D1315,LS1_CB02:BPM_D1315:XPOS_RD,LS1_CB02:BPM_D1315:YPOS_RD,LS1_CB02:BPM_D1315:PHASE_RD,LS1_CB02:BPM_D1315:MAG_RD,LS1_CB02:BPM_D1315:XPOS_REF_RD,LS1_CB02:BPM_D1315:YPOS_REF_RD,LS1_CB02:BPM_D1315:PHASE_REF_RD,LS1_CB02:BPM_D1315:MAG_REF_RD,LS1_CB02:BPM_D1315:XPOS_DRDREF,LS1_CB02:BPM_D1315:YPOS_DRDREF,LS1_CB02:BPM_D1315:PHASE_DRDREF,LS1_CB02:BPM_D1315:MAG_RATIO
133.502063,LS1_CB02:BPM_D1335,LS1_CB02:BPM_D1335:XPOS_RD,LS1_CB02:BPM_D1335:YPOS_RD,LS1_CB02:BPM_D1335:PHASE_RD,LS1_CB02:BPM_D1335:MAG_RD,LS1_CB02:BPM_D1335:XPOS_REF_RD,LS1_CB02:BPM_D1335:YPOS_REF_RD,LS1_CB02:BPM_D1335:PHASE_REF_RD,LS1_CB02:BPM_D1335:MAG_REF_RD,LS1_CB02:BPM_D1335:XPOS_DRDREF,LS1_CB02:BPM_D1335:YPOS_DRDREF,LS1_CB02:BPM_D1335:PHASE_DRDREF,LS1_CB02:BPM_D1335:MAG_RATIO
134.959632,LS1_WB02:BPM_D1350,LS1_WB02:BPM_D1350:XPOS_RD,LS1_WB02:BPM_D1350:YPOS_RD,LS1_WB02:BPM_D1350:PHASE_RD,LS1_WB02:BPM_D1350:MAG_RD,LS1_WB02:BPM_D1350:XPOS_REF_RD,LS1_WB02:BPM_D1350:YPOS_REF_RD,LS1_WB02:BPM_D1350:PHASE_REF_RD,LS1_WB02:BPM_D1350:MAG_REF_RD,LS1_WB02:BPM_D1350:XPOS_DRDREF,LS1_WB02:BPM_D1350:YPOS_DRDREF,LS1_WB02:BPM_D1350:PHASE_DRDREF,LS1_WB02:BPM_D1350:MAG_RATIO
135.879036,LS1_CB03:BPM_D1359,LS1_CB03:BPM_D1359:XPOS_RD,LS1_CB03:BPM_D1359:YPOS_RD,LS1_CB03:BPM_D1359:PHASE_RD,LS1_CB03:BPM_D1359:MAG_RD,LS1_CB03:BPM_D1359:XPOS_REF_RD,LS1_CB03:BPM_D1359:YPOS_REF_RD,LS1_CB03:BPM_D1359:PHASE_REF_RD,LS1_CB03:BPM_D1359:MAG_REF_RD,LS1_CB03:BPM_D1359:XPOS_DRDREF,LS1_CB03:BPM_D1359:YPOS_DRDREF,LS1_CB03:BPM_D1359:PHASE_DRDREF,LS1_CB03:BPM_D1359:MAG_RATIO
137.876762,LS1_CB03:BPM_D1379,LS1_CB03:BPM_D1379:XPOS_RD,LS1_CB03:BPM_D1379:YPOS_RD,LS1_CB03:BPM_D1379:PHASE_RD,LS1_CB03:BPM_D1379:MAG_RD,LS1_CB03:BPM_D1379:XPOS_REF_RD,LS1_CB03:BPM_D1379:YPOS_REF_RD,LS1_CB03:BPM_D1379:PHASE_REF_RD,LS1_CB03:BPM_D1379:MAG_REF_RD,LS1_CB03:BPM_D1379:XPOS_DRDREF,LS1_CB03:BPM_D1379:YPOS_DRDREF,LS1_CB03:BPM_D1379:PHASE_DRDREF,LS1_CB03:BPM_D1379:MAG_RATIO
139.874488,LS1_CB03:BPM_D1399,LS1_CB03:BPM_D1399:XPOS_RD,LS1_CB03:BPM_D1399:YPOS_RD,LS1_CB03:BPM_D1399:PHASE_RD,LS1_CB03:BPM_D1399:MAG_RD,LS1_CB03:BPM_D1399:XPOS_REF_RD,LS1_CB03:BPM_D1399:YPOS_REF_RD,LS1_CB03:BPM_D1399:PHASE_REF_RD,LS1_CB03:BPM_D1399:MAG_REF_RD,LS1_CB03:BPM_D1399:XPOS_DRDREF,LS1_CB03:BPM_D1399:YPOS_DRDREF,LS1_CB03:BPM_D1399:PHASE_DRDREF,LS1_CB03:BPM_D1399:MAG_RATIO
141.332056,LS1_WB03:BPM_D1413,LS1_WB03:BPM_D1413:XPOS_RD,LS1_WB03:BPM_D1413:YPOS_RD,LS1_WB03:BPM_D1413:PHASE_RD,LS1_WB03:BPM_D1413:MAG_RD,LS1_WB03:BPM_D1413:XPOS_REF_RD,LS1_WB03:BPM_D1413:YPOS_REF_RD,LS1_WB03:BPM_D1413:PHASE_REF_RD,LS1_WB03:BPM_D1413:MAG_REF_RD,LS1_WB03:BPM_D1413:XPOS_DRDREF,LS1_WB03:BPM_D1413:YPOS_DRDREF,LS1_WB03:BPM_D1413:PHASE_DRDREF,LS1_WB03:BPM_D1413:MAG_RATIO
142.251461,LS1_CB04:BPM_D1423,LS1_CB04:BPM_D1423:XPOS_RD,LS1_CB04:BPM_D1423:YPOS_RD,LS1_CB04:BPM_D1423:PHASE_RD,LS1_CB04:BPM_D1423:MAG_RD,LS1_CB04:BPM_D1423:XPOS_REF_RD,LS1_CB04:BPM_D1423:YPOS_REF_RD,LS1_CB04:BPM_D1423:PHASE_REF_RD,LS1_CB04:BPM_D1423:MAG_REF_RD,LS1_CB04:BPM_D1423:XPOS_DRDREF,LS1_CB04:BPM_D1423:YPOS_DRDREF,LS1_CB04:BPM_D1423:PHASE_DRDREF,LS1_CB04:BPM_D1423:MAG_RATIO
144.249187,LS1_CB04:BPM_D1442,LS1_CB04:BPM_D1442:XPOS_RD,LS1_CB04:BPM_D1442:YPOS_RD,LS1_CB04:BPM_D1442:PHASE_RD,LS1_CB04:BPM_D1442:MAG_RD,LS1_CB04:BPM_D1442:XPOS_REF_RD,LS1_CB04:BPM_D1442:YPOS_REF_RD,LS1_CB04:BPM_D1442:PHASE_REF_RD,LS1_CB04:BPM_D1442:MAG_REF_RD,LS1_CB04:BPM_D1442:XPOS_DRDREF,LS1_CB04:BPM_D1442:YPOS_DRDREF,LS1_CB04:BPM_D1442:PHASE_DRDREF,LS1_CB04:BPM_D1442:MAG_RATIO
146.246913,LS1_CB04:BPM_D1462,LS1_CB04:BPM_D1462:XPOS_RD,LS1_CB04:BPM_D1462:YPOS_RD,LS1_CB04:BPM_D1462:PHASE_RD,LS1_CB04:BPM_D1462:MAG_RD,LS1_CB04:BPM_D1462:XPOS_REF_RD,LS1_CB04:BPM_D1462:YPOS_REF_RD,LS1_CB04:BPM_D1462:PHASE_REF_RD,LS1_CB04:BPM_D1462:MAG_REF_RD,LS1_CB04:BPM_D1462:XPOS_DRDREF,LS1_CB04:BPM_D1462:YPOS_DRDREF,LS1_CB04:BPM_D1462:PHASE_DRDREF,LS1_CB04:BPM_D1462:MAG_RATIO
147.704481,LS1_WB04:BPM_D1477,LS1_WB04:BPM_D1477:XPOS_RD,LS1_WB04:BPM_D1477:YPOS_RD,LS1_WB04:BPM_D1477:PHASE_RD,LS1_WB04:BPM_D1477:MAG_RD,LS1_WB04:BPM_D1477:XPOS_REF_RD,LS1_WB04:BPM_D1477:YPOS_REF_RD,LS1_WB04:BPM_D1477:PHASE_REF_RD,LS1_WB04:BPM_D1477:MAG_REF_RD,LS1_WB04:BPM_D1477:XPOS_DRDREF,LS1_WB04:BPM_D1477:YPOS_DRDREF,LS1_WB04:BPM_D1477:PHASE_DRDREF,LS1_WB04:BPM_D1477:MAG_RATIO
148.623885,LS1_CB05:BPM_D1486,LS1_CB05:BPM_D1486:XPOS_RD,LS1_CB05:BPM_D1486:YPOS_RD,LS1_CB05:BPM_D1486:PHASE_RD,LS1_CB05:BPM_D1486:MAG_RD,LS1_CB05:BPM_D1486:XPOS_REF_RD,LS1_CB05:BPM_D1486:YPOS_REF_RD,LS1_CB05:BPM_D1486:PHASE_REF_RD,LS1_CB05:BPM_D1486:MAG_REF_RD,LS1_CB05:BPM_D1486:XPOS_DRDREF,LS1_CB05:BPM_D1486:YPOS_DRDREF,LS1_CB05:BPM_D1486:PHASE_DRDREF,LS1_CB05:BPM_D1486:MAG_RATIO
150.621611,LS1_CB05:BPM_D1506,LS1_CB05:BPM_D1506:XPOS_RD,LS1_CB05:BPM_D1506:YPOS_RD,LS1_CB05:BPM_D1506:PHASE_RD,LS1_CB05:BPM_D1506:MAG_RD,LS1_CB05:BPM_D1506:XPOS_REF_RD,LS1_CB05:BPM_D1506:YPOS_REF_RD,LS1_CB05:BPM_D1506:PHASE_REF_RD,LS1_CB05:BPM_D1506:MAG_REF_RD,LS1_CB05:BPM_D1506:XPOS_DRDREF,LS1_CB05:BPM_D1506:YPOS_DRDREF,LS1_CB05:BPM_D1506:PHASE_DRDREF,LS1_CB05:BPM_D1506:MAG_RATIO
152.619337,LS1_CB05:BPM_D1526,LS1_CB05:BPM_D1526:XPOS_RD,LS1_CB05:BPM_D1526:YPOS_RD,LS1_CB05:BPM_D1526:PHASE_RD,LS1_CB05:BPM_D1526:MAG_RD,LS1_CB05:BPM_D1526:XPOS_REF_RD,LS1_CB05:BPM_D1526:YPOS_REF_RD,LS1_CB05:BPM_D1526:PHASE_REF_RD,LS1_CB05:BPM_D1526:MAG_REF_RD,LS1_CB05:BPM_D1526:XPOS_DRDREF,LS1_CB05:BPM_D1526:YPOS_DRDREF,LS1_CB05:BPM_D1526:PHASE_DRDREF,LS1_CB05:BPM_D1526:MAG_RATIO
154.076905,LS1_WB05:BPM_D1541,LS1_WB05:BPM_D1541:XPOS_RD,LS1_WB05:BPM_D1541:YPOS_RD,LS1_WB05:BPM_D1541:PHASE_RD,LS1_WB05:BPM_D1541:MAG_RD,LS1_WB05:BPM_D1541:XPOS_REF_RD,LS1_WB05:BPM_D1541:YPOS_REF_RD,LS1_WB05:BPM_D1541:PHASE_REF_RD,LS1_WB05:BPM_D1541:MAG_REF_RD,LS1_WB05:BPM_D1541:XPOS_DRDREF,LS1_WB05:BPM_D1541:YPOS_DRDREF,LS1_WB05:BPM_D1541:PHASE_DRDREF,LS1_WB05:BPM_D1541:MAG_RATIO
154.99631,LS1_CB06:BPM_D1550,LS1_CB06:BPM_D1550:XPOS_RD,LS1_CB06:BPM_D1550:YPOS_RD,LS1_CB06:BPM_D1550:PHASE_RD,LS1_CB06:BPM_D1550:MAG_RD,LS1_CB06:BPM_D1550:XPOS_REF_RD,LS1_CB06:BPM_D1550:YPOS_REF_RD,LS1_CB06:BPM_D1550:PHASE_REF_RD,LS1_CB06:BPM_D1550:MAG_REF_RD,LS1_CB06:BPM_D1550:XPOS_DRDREF,LS1_CB06:BPM_D1550:YPOS_DRDREF,LS1_CB06:BPM_D1550:PHASE_DRDREF,LS1_CB06:BPM_D1550:MAG_RATIO
156.994036,LS1_CB06:BPM_D1570,LS1_CB06:BPM_D1570:XPOS_RD,LS1_CB06:BPM_D1570:YPOS_RD,LS1_CB06:BPM_D1570:PHASE_RD,LS1_CB06:BPM_D1570:MAG_RD,LS1_CB06:BPM_D1570:XPOS_REF_RD,LS1_CB06:BPM_D1570:YPOS_REF_RD,LS1_CB06:BPM_D1570:PHASE_REF_RD,LS1_CB06:BPM_D1570:MAG_REF_RD,LS1_CB06:BPM_D1570:XPOS_DRDREF,LS1_CB06:BPM_D1570:YPOS_DRDREF,LS1_CB06:BPM_D1570:PHASE_DRDREF,LS1_CB06:BPM_D1570:MAG_RATIO
158.991762,LS1_CB06:BPM_D1590,LS1_CB06:BPM_D1590:XPOS_RD,LS1_CB06:BPM_D1590:YPOS_RD,LS1_CB06:BPM_D1590:PHASE_RD,LS1_CB06:BPM_D1590:MAG_RD,LS1_CB06:BPM_D1590:XPOS_REF_RD,LS1_CB06:BPM_D1590:YPOS_REF_RD,LS1_CB06:BPM_D1590:PHASE_REF_RD,LS1_CB06:BPM_D1590:MAG_REF_RD,LS1_CB06:BPM_D1590:XPOS_DRDREF,LS1_CB06:BPM_D1590:YPOS_DRDREF,LS1_CB06:BPM_D1590:PHASE_DRDREF,LS1_CB06:BPM_D1590:MAG_RATIO
160.44933,LS1_WB06:BPM_D1604,LS1_WB06:BPM_D1604:XPOS_RD,LS1_WB06:BPM_D1604:YPOS_RD,LS1_WB06:BPM_D1604:PHASE_RD,LS1_WB06:BPM_D1604:MAG_RD,LS1_WB06:BPM_D1604:XPOS_REF_RD,LS1_WB06:BPM_D1604:YPOS_REF_RD,LS1_WB06:BPM_D1604:PHASE_REF_RD,LS1_WB06:BPM_D1604:MAG_REF_RD,LS1_WB06:BPM_D1604:XPOS_DRDREF,LS1_WB06:BPM_D1604:YPOS_DRDREF,LS1_WB06:BPM_D1604:PHASE_DRDREF,LS1_WB06:BPM_D1604:MAG_RATIO
161.368734,LS1_CB07:BPM_D1614,LS1_CB07:BPM_D1614:XPOS_RD,LS1_CB07:BPM_D1614:YPOS_RD,LS1_CB07:BPM_D1614:PHASE_RD,LS1_CB07:BPM_D1614:MAG_RD,LS1_CB07:BPM_D1614:XPOS_REF_RD,LS1_CB07:BPM_D1614:YPOS_REF_RD,LS1_CB07:BPM_D1614:PHASE_REF_RD,LS1_CB07:BPM_D1614:MAG_REF_RD,LS1_CB07:BPM_D1614:XPOS_DRDREF,LS1_CB07:BPM_D1614:YPOS_DRDREF,LS1_CB07:BPM_D1614:PHASE_DRDREF,LS1_CB07:BPM_D1614:MAG_RATIO
163.36646,LS1_CB07:BPM_D1634,LS1_CB07:BPM_D1634:XPOS_RD,LS1_CB07:BPM_D1634:YPOS_RD,LS1_CB07:BPM_D1634:PHASE_RD,LS1_CB07:BPM_D1634:MAG_RD,LS1_CB07:BPM_D1634:XPOS_REF_RD,LS1_CB07:BPM_D1634:YPOS_REF_RD,LS1_CB07:BPM_D1634:PHASE_REF_RD,LS1_CB07:BPM_D1634:MAG_REF_RD,LS1_CB07:BPM_D1634:XPOS_DRDREF,LS1_CB07:BPM_D1634:YPOS_DRDREF,LS1_CB07:BPM_D1634:PHASE_DRDREF,LS1_CB07:BPM_D1634:MAG_RATIO
165.364186,LS1_CB07:BPM_D1654,LS1_CB07:BPM_D1654:XPOS_RD,LS1_CB07:BPM_D1654:YPOS_RD,LS1_CB07:BPM_D1654:PHASE_RD,LS1_CB07:BPM_D1654:MAG_RD,LS1_CB07:BPM_D1654:XPOS_REF_RD,LS1_CB07:BPM_D1654:YPOS_REF_RD,LS1_CB07:BPM_D1654:PHASE_REF_RD,LS1_CB07:BPM_D1654:MAG_REF_RD,LS1_CB07:BPM_D1654:XPOS_DRDREF,LS1_CB07:BPM_D1654:YPOS_DRDREF,LS1_CB07:BPM_D1654:PHASE_DRDREF,LS1_CB07:BPM_D1654:MAG_RATIO
166.821754,LS1_WB07:BPM_D1668,LS1_WB07:BPM_D1668:XPOS_RD,LS1_WB07:BPM_D1668:YPOS_RD,LS1_WB07:BPM_D1668:PHASE_RD,LS1_WB07:BPM_D1668:MAG_RD,LS1_WB07:BPM_D1668:XPOS_REF_RD,LS1_WB07:BPM_D1668:YPOS_REF_RD,LS1_WB07:BPM_D1668:PHASE_REF_RD,LS1_WB07:BPM_D1668:MAG_REF_RD,LS1_WB07:BPM_D1668:XPOS_DRDREF,LS1_WB07:BPM_D1668:YPOS_DRDREF,LS1_WB07:BPM_D1668:PHASE_DRDREF,LS1_WB07:BPM_D1668:MAG_RATIO
167.741159,LS1_CB08:BPM_D1677,LS1_CB08:BPM_D1677:XPOS_RD,LS1_CB08:BPM_D1677:YPOS_RD,LS1_CB08:BPM_D1677:PHASE_RD,LS1_CB08:BPM_D1677:MAG_RD,LS1_CB08:BPM_D1677:XPOS_REF_RD,LS1_CB08:BPM_D1677:YPOS_REF_RD,LS1_CB08:BPM_D1677:PHASE_REF_RD,LS1_CB08:BPM_D1677:MAG_REF_RD,LS1_CB08:BPM_D1677:XPOS_DRDREF,LS1_CB08:BPM_D1677:YPOS_DRDREF,LS1_CB08:BPM_D1677:PHASE_DRDREF,LS1_CB08:BPM_D1677:MAG_RATIO
169.738885,LS1_CB08:BPM_D1697,LS1_CB08:BPM_D1697:XPOS_RD,LS1_CB08:BPM_D1697:YPOS_RD,LS1_CB08:BPM_D1697:PHASE_RD,LS1_CB08:BPM_D1697:MAG_RD,LS1_CB08:BPM_D1697:XPOS_REF_RD,LS1_CB08:BPM_D1697:YPOS_REF_RD,LS1_CB08:BPM_D1697:PHASE_REF_RD,LS1_CB08:BPM_D1697:MAG_REF_RD,LS1_CB08:BPM_D1697:XPOS_DRDREF,LS1_CB08:BPM_D1697:YPOS_DRDREF,LS1_CB08:BPM_D1697:PHASE_DRDREF,LS1_CB08:BPM_D1697:MAG_RATIO
171.736611,LS1_CB08:BPM_D1717,LS1_CB08:BPM_D1717:XPOS_RD,LS1_CB08:BPM_D1717:YPOS_RD,LS1_CB08:BPM_D1717:PHASE_RD,LS1_CB08:BPM_D1717:MAG_RD,LS1_CB08:BPM_D1717:XPOS_REF_RD,LS1_CB08:BPM_D1717:YPOS_REF_RD,LS1_CB08:BPM_D1717:PHASE_REF_RD,LS1_CB08:BPM_D1717:MAG_REF_RD,LS1_CB08:BPM_D1717:XPOS_DRDREF,LS1_CB08:BPM_D1717:YPOS_DRDREF,LS1_CB08:BPM_D1717:PHASE_DRDREF,LS1_CB08:BPM_D1717:MAG_RATIO
173.194179,LS1_WB08:BPM_D1732,LS1_WB08:BPM_D1732:XPOS_RD,LS1_WB08:BPM_D1732:YPOS_RD,LS1_WB08:BPM_D1732:PHASE_RD,LS1_WB08:BPM_D1732:MAG_RD,LS1_WB08:BPM_D1732:XPOS_REF_RD,LS1_WB08:BPM_D1732:YPOS_REF_RD,LS1_WB08:BPM_D1732:PHASE_REF_RD,LS1_WB08:BPM_D1732:MAG_REF_RD,LS1_WB08:BPM_D1732:XPOS_DRDREF,LS1_WB08:BPM_D1732:YPOS_DRDREF,LS1_WB08:BPM_D1732:PHASE_DRDREF,LS1_WB08:BPM_D1732:MAG_RATIO
174.113583,LS1_CB09:BPM_D1741,LS1_CB09:BPM_D1741:XPOS_RD,LS1_CB09:BPM_D1741:YPOS_RD,LS1_CB09:BPM_D1741:PHASE_RD,LS1_CB09:BPM_D1741:MAG_RD,LS1_CB09:BPM_D1741:XPOS_REF_RD,LS1_CB09:BPM_D1741:YPOS_REF_RD,LS1_CB09:BPM_D1741:PHASE_REF_RD,LS1_CB09:BPM_D1741:MAG_REF_RD,LS1_CB09:BPM_D1741:XPOS_DRDREF,LS1_CB09:BPM_D1741:YPOS_DRDREF,LS1_CB09:BPM_D1741:PHASE_DRDREF,LS1_CB09:BPM_D1741:MAG_RATIO
176.111309,LS1_CB09:BPM_D1761,LS1_CB09:BPM_D1761:XPOS_RD,LS1_CB09:BPM_D1761:YPOS_RD,LS1_CB09:BPM_D1761:PHASE_RD,LS1_CB09:BPM_D1761:MAG_RD,LS1_CB09:BPM_D1761:XPOS_REF_RD,LS1_CB09:BPM_D1761:YPOS_REF_RD,LS1_CB09:BPM_D1761:PHASE_REF_RD,LS1_CB09:BPM_D1761:MAG_REF_RD,LS1_CB09:BPM_D1761:XPOS_DRDREF,LS1_CB09:BPM_D1761:YPOS_DRDREF,LS1_CB09:BPM_D1761:PHASE_DRDREF,LS1_CB09:BPM_D1761:MAG_RATIO
178.109035,LS1_CB09:BPM_D1781,LS1_CB09:BPM_D1781:XPOS_RD,LS1_CB09:BPM_D1781:YPOS_RD,LS1_CB09:BPM_D1781:PHASE_RD,LS1_CB09:BPM_D1781:MAG_RD,LS1_CB09:BPM_D1781:XPOS_REF_RD,LS1_CB09:BPM_D1781:YPOS_REF_RD,LS1_CB09:BPM_D1781:PHASE_REF_RD,LS1_CB09:BPM_D1781:MAG_REF_RD,LS1_CB09:BPM_D1781:XPOS_DRDREF,LS1_CB09:BPM_D1781:YPOS_DRDREF,LS1_CB09:BPM_D1781:PHASE_DRDREF,LS1_CB09:BPM_D1781:MAG_RATIO
179.566603,LS1_WB09:BPM_D1796,LS1_WB09:BPM_D1796:XPOS_RD,LS1_WB09:BPM_D1796:YPOS_RD,LS1_WB09:BPM_D1796:PHASE_RD,LS1_WB09:BPM_D1796:MAG_RD,LS1_WB09:BPM_D1796:XPOS_REF_RD,LS1_WB09:BPM_D1796:YPOS_REF_RD,LS1_WB09:BPM_D1796:PHASE_REF_RD,LS1_WB09:BPM_D1796:MAG_REF_RD,LS1_WB09:BPM_D1796:XPOS_DRDREF,LS1_WB09:BPM_D1796:YPOS_DRDREF,LS1_WB09:BPM_D1796:PHASE_DRDREF,LS1_WB09:BPM_D1796:MAG_RATIO
180.486008,LS1_CB10:BPM_D1805,LS1_CB10:BPM_D1805:XPOS_RD,LS1_CB10:BPM_D1805:YPOS_RD,LS1_CB10:BPM_D1805:PHASE_RD,LS1_CB10:BPM_D1805:MAG_RD,LS1_CB10:BPM_D1805:XPOS_REF_RD,LS1_CB10:BPM_D1805:YPOS_REF_RD,LS1_CB10:BPM_D1805:PHASE_REF_RD,LS1_CB10:BPM_D1805:MAG_REF_RD,LS1_CB10:BPM_D1805:XPOS_DRDREF,LS1_CB10:BPM_D1805:YPOS_DRDREF,LS1_CB10:BPM_D1805:PHASE_DRDREF,LS1_CB10:BPM_D1805:MAG_RATIO
182.483734,LS1_CB10:BPM_D1825,LS1_CB10:BPM_D1825:XPOS_RD,LS1_CB10:BPM_D1825:YPOS_RD,LS1_CB10:BPM_D1825:PHASE_RD,LS1_CB10:BPM_D1825:MAG_RD,LS1_CB10:BPM_D1825:XPOS_REF_RD,LS1_CB10:BPM_D1825:YPOS_REF_RD,LS1_CB10:BPM_D1825:PHASE_REF_RD,LS1_CB10:BPM_D1825:MAG_REF_RD,LS1_CB10:BPM_D1825:XPOS_DRDREF,LS1_CB10:BPM_D1825:YPOS_DRDREF,LS1_CB10:BPM_D1825:PHASE_DRDREF,LS1_CB10:BPM_D1825:MAG_RATIO
184.48146,LS1_CB10:BPM_D1845,LS1_CB10:BPM_D1845:XPOS_RD,LS1_CB10:BPM_D1845:YPOS_RD,LS1_CB10:BPM_D1845:PHASE_RD,LS1_CB10:BPM_D1845:MAG_RD,LS1_CB10:BPM_D1845:XPOS_REF_RD,LS1_CB10:BPM_D1845:YPOS_REF_RD,LS1_CB10:BPM_D1845:PHASE_REF_RD,LS1_CB10:BPM_D1845:MAG_REF_RD,LS1_CB10:BPM_D1845:XPOS_DRDREF,LS1_CB10:BPM_D1845:YPOS_DRDREF,LS1_CB10:BPM_D1845:PHASE_DRDREF,LS1_CB10:BPM_D1845:MAG_RATIO
185.939028,LS1_WB10:BPM_D1859,LS1_WB10:BPM_D1859:XPOS_RD,LS1_WB10:BPM_D1859:YPOS_RD,LS1_WB10:BPM_D1859:PHASE_RD,LS1_WB10:BPM_D1859:MAG_RD,LS1_WB10:BPM_D1859:XPOS_REF_RD,LS1_WB10:BPM_D1859:YPOS_REF_RD,LS1_WB10:BPM_D1859:PHASE_REF_RD,LS1_WB10:BPM_D1859:MAG_REF_RD,LS1_WB10:BPM_D1859:XPOS_DRDREF,LS1_WB10:BPM_D1859:YPOS_DRDREF,LS1_WB10:BPM_D1859:PHASE_DRDREF,LS1_WB10:BPM_D1859:MAG_RATIO
186.858432,LS1_CB11:BPM_D1869,LS1_CB11:BPM_D1869:XPOS_RD,LS1_CB11:BPM_D1869:YPOS_RD,LS1_CB11:BPM_D1869:PHASE_RD,LS1_CB11:BPM_D1869:MAG_RD,LS1_CB11:BPM_D1869:XPOS_REF_RD,LS1_CB11:BPM_D1869:YPOS_REF_RD,LS1_CB11:BPM_D1869:PHASE_REF_RD,LS1_CB11:BPM_D1869:MAG_REF_RD,LS1_CB11:BPM_D1869:XPOS_DRDREF,LS1_CB11:BPM_D1869:YPOS_DRDREF,LS1_CB11:BPM_D1869:PHASE_DRDREF,LS1_CB11:BPM_D1869:MAG_RATIO
188.856158,LS1_CB11:BPM_D1889,LS1_CB11:BPM_D1889:XPOS_RD,LS1_CB11:BPM_D1889:YPOS_RD,LS1_CB11:BPM_D1889:PHASE_RD,LS1_CB11:BPM_D1889:MAG_RD,LS1_CB11:BPM_D1889:XPOS_REF_RD,LS1_CB11:BPM_D1889:YPOS_REF_RD,LS1_CB11:BPM_D1889:PHASE_REF_RD,LS1_CB11:BPM_D1889:MAG_REF_RD,LS1_CB11:BPM_D1889:XPOS_DRDREF,LS1_CB11:BPM_D1889:YPOS_DRDREF,LS1_CB11:BPM_D1889:PHASE_DRDREF,LS1_CB11:BPM_D1889:MAG_RATIO
190.853884,LS1_CB11:BPM_D1909,LS1_CB11:BPM_D1909:XPOS_RD,LS1_CB11:BPM_D1909:YPOS_RD,LS1_CB11:BPM_D1909:PHASE_RD,LS1_CB11:BPM_D1909:MAG_RD,LS1_CB11:BPM_D1909:XPOS_REF_RD,LS1_CB11:BPM_D1909:YPOS_REF_RD,LS1_CB11:BPM_D1909:PHASE_REF_RD,LS1_CB11:BPM_D1909:MAG_REF_RD,LS1_CB11:BPM_D1909:XPOS_DRDREF,LS1_CB11:BPM_D1909:YPOS_DRDREF,LS1_CB11:BPM_D1909:PHASE_DRDREF,LS1_CB11:BPM_D1909:MAG_RATIO
192.311452,LS1_WB11:BPM_D1923,LS1_WB11:BPM_D1923:XPOS_RD,LS1_WB11:BPM_D1923:YPOS_RD,LS1_WB11:BPM_D1923:PHASE_RD,LS1_WB11:BPM_D1923:MAG_RD,LS1_WB11:BPM_D1923:XPOS_REF_RD,LS1_WB11:BPM_D1923:YPOS_REF_RD,LS1_WB11:BPM_D1923:PHASE_REF_RD,LS1_WB11:BPM_D1923:MAG_REF_RD,LS1_WB11:BPM_D1923:XPOS_DRDREF,LS1_WB11:BPM_D1923:YPOS_DRDREF,LS1_WB11:BPM_D1923:PHASE_DRDREF,LS1_WB11:BPM_D1923:MAG_RATIO
196.678093,LS1_BTS:BPM_D1967,LS1_BTS:BPM_D1967:XPOS_RD,LS1_BTS:BPM_D1967:YPOS_RD,LS1_BTS:BPM_D1967:PHASE_RD,LS1_BTS:BPM_D1967:MAG_RD,LS1_BTS:BPM_D1967:XPOS_REF_RD,LS1_BTS:BPM_D1967:YPOS_REF_RD,LS1_BTS:BPM_D1967:PHASE_REF_RD,LS1_BTS:BPM_D1967:MAG_REF_RD,LS1_BTS:BPM_D1967:XPOS_DRDREF,LS1_BTS:BPM_D1967:YPOS_DRDREF,LS1_BTS:BPM_D1967:PHASE_DRDREF,LS1_BTS:BPM_D1967:MAG_RATIO
202.718066,LS1_BTS:BPM_D2027,LS1_BTS:BPM_D2027:XPOS_RD,LS1_BTS:BPM_D2027:YPOS_RD,LS1_BTS:BPM_D2027:PHASE_RD,LS1_BTS:BPM_D2027:MAG_RD,LS1_BTS:BPM_D2027:XPOS_REF_RD,LS1_BTS:BPM_D2027:YPOS_REF_RD,LS1_BTS:BPM_D2027:PHASE_REF_RD,LS1_BTS:BPM_D2027:MAG_REF_RD,LS1_BTS:BPM_D2027:XPOS_DRDREF,LS1_BTS:BPM_D2027:YPOS_DRDREF,LS1_BTS:BPM_D2027:PHASE_DRDREF,LS1_BTS:BPM_D2027:MAG_RATIO
205.437207,LS1_BTS:BPM_D2054,LS1_BTS:BPM_D2054:XPOS_RD,LS1_BTS:BPM_D2054:YPOS_RD,LS1_BTS:BPM_D2054:PHASE_RD,LS1_BTS:BPM_D2054:MAG_RD,LS1_BTS:BPM_D2054:XPOS_REF_RD,LS1_BTS:BPM_D2054:YPOS_REF_RD,LS1_BTS:BPM_D2054:PHASE_REF_RD,LS1_BTS:BPM_D2054:MAG_REF_RD,LS1_BTS:BPM_D2054:XPOS_DRDREF,LS1_BTS:BPM_D2054:YPOS_DRDREF,LS1_BTS:BPM_D2054:PHASE_DRDREF,LS1_BTS:BPM_D2054:MAG_RATIO
211.649727,LS1_BTS:BPM_D2116,LS1_BTS:BPM_D2116:XPOS_RD,LS1_BTS:BPM_D2116:YPOS_RD,LS1_BTS:BPM_D2116:PHASE_RD,LS1_BTS:BPM_D2116:MAG_RD,LS1_BTS:BPM_D2116:XPOS_REF_RD,LS1_BTS:BPM_D2116:YPOS_REF_RD,LS1_BTS:BPM_D2116:PHASE_REF_RD,LS1_BTS:BPM_D2116:MAG_REF_RD,LS1_BTS:BPM_D2116:XPOS_DRDREF,LS1_BTS:BPM_D2116:YPOS_DRDREF,LS1_BTS:BPM_D2116:PHASE_DRDREF,LS1_BTS:BPM_D2116:MAG_RATIO
212.972703,LS1_BTS:BPM_D2130,LS1_BTS:BPM_D2130:XPOS_RD,LS1_BTS:BPM_D2130:YPOS_RD,LS1_BTS:BPM_D2130:PHASE_RD,LS1_BTS:BPM_D2130:MAG_RD,LS1_BTS:BPM_D2130:XPOS_REF_RD,LS1_BTS:BPM_D2130:YPOS_REF_RD,LS1_BTS:BPM_D2130:PHASE_REF_RD,LS1_BTS:BPM_D2130:MAG_REF_RD,LS1_BTS:BPM_D2130:XPOS_DRDREF,LS1_BTS:BPM_D2130:YPOS_DRDREF,LS1_BTS:BPM_D2130:PHASE_DRDREF,LS1_BTS:BPM_D2130:MAG_RATIO
220.83626,FS1_CSS:BPM_D2212,FS1_CSS:BPM_D2212:XPOS_RD,FS1_CSS:BPM_D2212:YPOS_RD,FS1_CSS:BPM_D2212:PHASE_RD,FS1_CSS:BPM_D2212:MAG_RD,FS1_CSS:BPM_D2212:XPOS_REF_RD,FS1_CSS:BPM_D2212:YPOS_REF_RD,FS1_CSS:BPM_D2212:PHASE_REF_RD,FS1_CSS:BPM_D2212:MAG_REF_RD,FS1_CSS:BPM_D2212:XPOS_DRDREF,FS1_CSS:BPM_D2212:YPOS_DRDREF,FS1_CSS:BPM_D2212:PHASE_DRDREF,FS1_CSS:BPM_D2212:MAG_RATIO
222.326864,FS1_CSS:BPM_D2223,FS1_CSS:BPM_D2223:XPOS_RD,FS1_CSS:BPM_D2223:YPOS_RD,FS1_CSS:BPM_D2223:PHASE_RD,FS1_CSS:BPM_D2223:MAG_RD,FS1_CSS:BPM_D2223:XPOS_REF_RD,FS1_CSS:BPM_D2223:YPOS_REF_RD,FS1_CSS:BPM_D2223:PHASE_REF_RD,FS1_CSS:BPM_D2223:MAG_REF_RD,FS1_CSS:BPM_D2223:XPOS_DRDREF,FS1_CSS:BPM_D2223:YPOS_DRDREF,FS1_CSS:BPM_D2223:PHASE_DRDREF,FS1_CSS:BPM_D2223:MAG_RATIO
224.770492,FS1_CSS:BPM_D2248,FS1_CSS:BPM_D2248:XPOS_RD,FS1_CSS:BPM_D2248:YPOS_RD,FS1_CSS:BPM_D2248:PHASE_RD,FS1_CSS:BPM_D2248:MAG_RD,FS1_CSS:BPM_D2248:XPOS_REF_RD,FS1_CSS:BPM_D2248:YPOS_REF_RD,FS1_CSS:BPM_D2248:PHASE_REF_RD,FS1_CSS:BPM_D2248:MAG_REF_RD,FS1_CSS:BPM_D2248:XPOS_DRDREF,FS1_CSS:BPM_D2248:YPOS_DRDREF,FS1_CSS:BPM_D2248:PHASE_DRDREF,FS1_CSS:BPM_D2248:MAG_RATIO
227.811204,FS1_CSS:BPM_D2278,FS1_CSS:BPM_D2278:XPOS_RD,FS1_CSS:BPM_D2278:YPOS_RD,FS1_CSS:BPM_D2278:PHASE_RD,FS1_CSS:BPM_D2278:MAG_RD,FS1_CSS:BPM_D2278:XPOS_REF_RD,FS1_CSS:BPM_D2278:YPOS_REF_RD,FS1_CSS:BPM_D2278:PHASE_REF_RD,FS1_CSS:BPM_D2278:MAG_REF_RD,FS1_CSS:BPM_D2278:XPOS_DRDREF,FS1_CSS:BPM_D2278:YPOS_DRDREF,FS1_CSS:BPM_D2278:PHASE_DRDREF,FS1_CSS:BPM_D2278:MAG_RATIO
231.30764,FS1_CSS:BPM_D2313,FS1_CSS:BPM_D2313:XPOS_RD,FS1_CSS:BPM_D2313:YPOS_RD,FS1_CSS:BPM_D2313:PHASE_RD,FS1_CSS:BPM_D2313:MAG_RD,FS1_CSS:BPM_D2313:XPOS_REF_RD,FS1_CSS:BPM_D2313:YPOS_REF_RD,FS1_CSS:BPM_D2313:PHASE_REF_RD,FS1_CSS:BPM_D2313:MAG_REF_RD,FS1_CSS:BPM_D2313:XPOS_DRDREF,FS1_CSS:BPM_D2313:YPOS_DRDREF,FS1_CSS:BPM_D2313:PHASE_DRDREF,FS1_CSS:BPM_D2313:MAG_RATIO
236.537151,FS1_CSS:BPM_D2369,FS1_CSS:BPM_D2369:XPOS_RD,FS1_CSS:BPM_D2369:YPOS_RD,FS1_CSS:BPM_D2369:PHASE_RD,FS1_CSS:BPM_D2369:MAG_RD,FS1_CSS:BPM_D2369:XPOS_REF_RD,FS1_CSS:BPM_D2369:YPOS_REF_RD,FS1_CSS:BPM_D2369:PHASE_REF_RD,FS1_CSS:BPM_D2369:MAG_REF_RD,FS1_CSS:BPM_D2369:XPOS_DRDREF,FS1_CSS:BPM_D2369:YPOS_DRDREF,FS1_CSS:BPM_D2369:PHASE_DRDREF,FS1_CSS:BPM_D2369:MAG_RATIO
238.331291,FS1_CSS:BPM_D2383,FS1_CSS:BPM_D2383:XPOS_RD,FS1_CSS:BPM_D2383:YPOS_RD,FS1_CSS:BPM_D2383:PHASE_RD,FS1_CSS:BPM_D2383:MAG_RD,FS1_CSS:BPM_D2383:XPOS_REF_RD,FS1_CSS:BPM_D2383:YPOS_REF_RD,FS1_CSS:BPM_D2383:PHASE_REF_RD,FS1_CSS:BPM_D2383:MAG_REF_RD,FS1_CSS:BPM_D2383:XPOS_DRDREF,FS1_CSS:BPM_D2383:YPOS_DRDREF,FS1_CSS:BPM_D2383:PHASE_DRDREF,FS1_CSS:BPM_D2383:MAG_RATIO
241.936733,FS1_BBS:BPM_D2421,FS1_BBS:BPM_D2421:XPOS_RD,FS1_BBS:BPM_D2421:YPOS_RD,FS1_BBS:BPM_D2421:PHASE_RD,FS1_BBS:BPM_D2421:MAG_RD,FS1_BBS:BPM_D2421:XPOS_REF_RD,FS1_BBS:BPM_D2421:YPOS_REF_RD,FS1_BBS:BPM_D2421:PHASE_REF_RD,FS1_BBS:BPM_D2421:MAG_REF_RD,FS1_BBS:BPM_D2421:XPOS_DRDREF,FS1_BBS:BPM_D2421:YPOS_DRDREF,FS1_BBS:BPM_D2421:PHASE_DRDREF,FS1_BBS:BPM_D2421:MAG_RATIO
242.44998,FS1_BTS:BPM_D2424,FS1_BTS:BPM_D2424:XPOS_RD,FS1_BTS:BPM_D2424:YPOS_RD,FS1_BTS:BPM_D2424:PHASE_RD,FS1_BTS:BPM_D2424:MAG_RD,FS1_BTS:BPM_D2424:XPOS_REF_RD,FS1_BTS:BPM_D2424:YPOS_REF_RD,FS1_BTS:BPM_D2424:PHASE_REF_RD,FS1_BTS:BPM_D2424:MAG_REF_RD,FS1_BTS:BPM_D2424:XPOS_DRDREF,FS1_BTS:BPM_D2424:YPOS_DRDREF,FS1_BTS:BPM_D2424:PHASE_DRDREF,FS1_BTS:BPM_D2424:MAG_RATIO
244.861452,FS1_SEE:BPM_D2449,FS1_SEE:BPM_D2449:XPOS_RD,FS1_SEE:BPM_D2449:YPOS_RD,FS1_SEE:BPM_D2449:PHASE_RD,FS1_SEE:BPM_D2449:MAG_RD,FS1_SEE:BPM_D2449:XPOS_REF_RD,FS1_SEE:BPM_D2449:YPOS_REF_RD,FS1_SEE:BPM_D2449:PHASE_REF_RD,FS1_SEE:BPM_D2449:MAG_REF_RD,FS1_SEE:BPM_D2449:XPOS_DRDREF,FS1_SEE:BPM_D2449:YPOS_DRDREF,FS1_SEE:BPM_D2449:PHASE_DRDREF,FS1_SEE:BPM_D2449:MAG_RATIO
246.41798400000002,FS1_BBS:BPM_D2466,FS1_BBS:BPM_D2466:XPOS_RD,FS1_BBS:BPM_D2466:YPOS_RD,FS1_BBS:BPM_D2466:PHASE_RD,FS1_BBS:BPM_D2466:MAG_RD,FS1_BBS:BPM_D2466:XPOS_REF_RD,FS1_BBS:BPM_D2466:YPOS_REF_RD,FS1_BBS:BPM_D2466:PHASE_REF_RD,FS1_BBS:BPM_D2466:MAG_REF_RD,FS1_BBS:BPM_D2466:XPOS_DRDREF,FS1_BBS:BPM_D2466:YPOS_DRDREF,FS1_BBS:BPM_D2466:PHASE_DRDREF,FS1_BBS:BPM_D2466:MAG_RATIO
246.723374,FS1_BTS:BPM_D2467,FS1_BTS:BPM_D2467:XPOS_RD,FS1_BTS:BPM_D2467:YPOS_RD,FS1_BTS:BPM_D2467:PHASE_RD,FS1_BTS:BPM_D2467:MAG_RD,FS1_BTS:BPM_D2467:XPOS_REF_RD,FS1_BTS:BPM_D2467:YPOS_REF_RD,FS1_BTS:BPM_D2467:PHASE_REF_RD,FS1_BTS:BPM_D2467:MAG_REF_RD,FS1_BTS:BPM_D2467:XPOS_DRDREF,FS1_BTS:BPM_D2467:YPOS_DRDREF,FS1_BTS:BPM_D2467:PHASE_DRDREF,FS1_BTS:BPM_D2467:MAG_RATIO
248.600393,FS1_BTS:BPM_D2486,FS1_BTS:BPM_D2486:XPOS_RD,FS1_BTS:BPM_D2486:YPOS_RD,FS1_BTS:BPM_D2486:PHASE_RD,FS1_BTS:BPM_D2486:MAG_RD,FS1_BTS:BPM_D2486:XPOS_REF_RD,FS1_BTS:BPM_D2486:YPOS_REF_RD,FS1_BTS:BPM_D2486:PHASE_REF_RD,FS1_BTS:BPM_D2486:MAG_REF_RD,FS1_BTS:BPM_D2486:XPOS_DRDREF,FS1_BTS:BPM_D2486:YPOS_DRDREF,FS1_BTS:BPM_D2486:PHASE_DRDREF,FS1_BTS:BPM_D2486:MAG_RATIO
248.696059,FS1_SEE:BPM_D2487,FS1_SEE:BPM_D2487:XPOS_RD,FS1_SEE:BPM_D2487:YPOS_RD,FS1_SEE:BPM_D2487:PHASE_RD,FS1_SEE:BPM_D2487:MAG_RD,FS1_SEE:BPM_D2487:XPOS_REF_RD,FS1_SEE:BPM_D2487:YPOS_REF_RD,FS1_SEE:BPM_D2487:PHASE_REF_RD,FS1_SEE:BPM_D2487:MAG_REF_RD,FS1_SEE:BPM_D2487:XPOS_DRDREF,FS1_SEE:BPM_D2487:YPOS_DRDREF,FS1_SEE:BPM_D2487:PHASE_DRDREF,FS1_SEE:BPM_D2487:MAG_RATIO
250.245596,FS1_BMS:BPM_D2502,FS1_BMS:BPM_D2502:XPOS_RD,FS1_BMS:BPM_D2502:YPOS_RD,FS1_BMS:BPM_D2502:PHASE_RD,FS1_BMS:BPM_D2502:MAG_RD,FS1_BMS:BPM_D2502:XPOS_REF_RD,FS1_BMS:BPM_D2502:YPOS_REF_RD,FS1_BMS:BPM_D2502:PHASE_REF_RD,FS1_BMS:BPM_D2502:MAG_REF_RD,FS1_BMS:BPM_D2502:XPOS_DRDREF,FS1_BMS:BPM_D2502:YPOS_DRDREF,FS1_BMS:BPM_D2502:PHASE_DRDREF,FS1_BMS:BPM_D2502:MAG_RATIO
253.327153,FS1_BMS:BPM_D2537,FS1_BMS:BPM_D2537:XPOS_RD,FS1_BMS:BPM_D2537:YPOS_RD,FS1_BMS:BPM_D2537:PHASE_RD,FS1_BMS:BPM_D2537:MAG_RD,FS1_BMS:BPM_D2537:XPOS_REF_RD,FS1_BMS:BPM_D2537:YPOS_REF_RD,FS1_BMS:BPM_D2537:PHASE_REF_RD,FS1_BMS:BPM_D2537:MAG_REF_RD,FS1_BMS:BPM_D2537:XPOS_DRDREF,FS1_BMS:BPM_D2537:YPOS_DRDREF,FS1_BMS:BPM_D2537:PHASE_DRDREF,FS1_BMS:BPM_D2537:MAG_RATIO
258.324635,FS1_BMS:BPM_D2587,FS1_BMS:BPM_D2587:XPOS_RD,FS1_BMS:BPM_D2587:YPOS_RD,FS1_BMS:BPM_D2587:PHASE_RD,FS1_BMS:BPM_D2587:MAG_RD,FS1_BMS:BPM_D2587:XPOS_REF_RD,FS1_BMS:BPM_D2587:YPOS_REF_RD,FS1_BMS:BPM_D2587:PHASE_REF_RD,FS1_BMS:BPM_D2587:MAG_REF_RD,FS1_BMS:BPM_D2587:XPOS_DRDREF,FS1_BMS:BPM_D2587:YPOS_DRDREF,FS1_BMS:BPM_D2587:PHASE_DRDREF,FS1_BMS:BPM_D2587:MAG_RATIO
260.038121,FS1_BMS:BPM_D2600,FS1_BMS:BPM_D2600:XPOS_RD,FS1_BMS:BPM_D2600:YPOS_RD,FS1_BMS:BPM_D2600:PHASE_RD,FS1_BMS:BPM_D2600:MAG_RD,FS1_BMS:BPM_D2600:XPOS_REF_RD,FS1_BMS:BPM_D2600:YPOS_REF_RD,FS1_BMS:BPM_D2600:PHASE_REF_RD,FS1_BMS:BPM_D2600:MAG_REF_RD,FS1_BMS:BPM_D2600:XPOS_DRDREF,FS1_BMS:BPM_D2600:YPOS_DRDREF,FS1_BMS:BPM_D2600:PHASE_DRDREF,FS1_BMS:BPM_D2600:MAG_RATIO
266.116606,FS1_BMS:BPM_D2665,FS1_BMS:BPM_D2665:XPOS_RD,FS1_BMS:BPM_D2665:YPOS_RD,FS1_BMS:BPM_D2665:PHASE_RD,FS1_BMS:BPM_D2665:MAG_RD,FS1_BMS:BPM_D2665:XPOS_REF_RD,FS1_BMS:BPM_D2665:YPOS_REF_RD,FS1_BMS:BPM_D2665:PHASE_REF_RD,FS1_BMS:BPM_D2665:MAG_REF_RD,FS1_BMS:BPM_D2665:XPOS_DRDREF,FS1_BMS:BPM_D2665:YPOS_DRDREF,FS1_BMS:BPM_D2665:PHASE_DRDREF,FS1_BMS:BPM_D2665:MAG_RATIO
268.622125,FS1_BMS:BPM_D2690,FS1_BMS:BPM_D2690:XPOS_RD,FS1_BMS:BPM_D2690:YPOS_RD,FS1_BMS:BPM_D2690:PHASE_RD,FS1_BMS:BPM_D2690:MAG_RD,FS1_BMS:BPM_D2690:XPOS_REF_RD,FS1_BMS:BPM_D2690:YPOS_REF_RD,FS1_BMS:BPM_D2690:PHASE_REF_RD,FS1_BMS:BPM_D2690:MAG_REF_RD,FS1_BMS:BPM_D2690:XPOS_DRDREF,FS1_BMS:BPM_D2690:YPOS_DRDREF,FS1_BMS:BPM_D2690:PHASE_DRDREF,FS1_BMS:BPM_D2690:MAG_RATIO
270.189187,FS1_BMS:BPM_D2702,FS1_BMS:BPM_D2702:XPOS_RD,FS1_BMS:BPM_D2702:YPOS_RD,FS1_BMS:BPM_D2702:PHASE_RD,FS1_BMS:BPM_D2702:MAG_RD,FS1_BMS:BPM_D2702:XPOS_REF_RD,FS1_BMS:BPM_D2702:YPOS_REF_RD,FS1_BMS:BPM_D2702:PHASE_REF_RD,FS1_BMS:BPM_D2702:MAG_REF_RD,FS1_BMS:BPM_D2702:XPOS_DRDREF,FS1_BMS:BPM_D2702:YPOS_DRDREF,FS1_BMS:BPM_D2702:PHASE_DRDREF,FS1_BMS:BPM_D2702:MAG_RATIO
274.169835,LS2_WC01:BPM_D2742,LS2_WC01:BPM_D2742:XPOS_RD,LS2_WC01:BPM_D2742:YPOS_RD,LS2_WC01:BPM_D2742:PHASE_RD,LS2_WC01:BPM_D2742:MAG_RD,LS2_WC01:BPM_D2742:XPOS_REF_RD,LS2_WC01:BPM_D2742:YPOS_REF_RD,LS2_WC01:BPM_D2742:PHASE_REF_RD,LS2_WC01:BPM_D2742:MAG_REF_RD,LS2_WC01:BPM_D2742:XPOS_DRDREF,LS2_WC01:BPM_D2742:YPOS_DRDREF,LS2_WC01:BPM_D2742:PHASE_DRDREF,LS2_WC01:BPM_D2742:MAG_RATIO
278.150483,LS2_WC02:BPM_D2782,LS2_WC02:BPM_D2782:XPOS_RD,LS2_WC02:BPM_D2782:YPOS_RD,LS2_WC02:BPM_D2782:PHASE_RD,LS2_WC02:BPM_D2782:MAG_RD,LS2_WC02:BPM_D2782:XPOS_REF_RD,LS2_WC02:BPM_D2782:YPOS_REF_RD,LS2_WC02:BPM_D2782:PHASE_REF_RD,LS2_WC02:BPM_D2782:MAG_REF_RD,LS2_WC02:BPM_D2782:XPOS_DRDREF,LS2_WC02:BPM_D2782:YPOS_DRDREF,LS2_WC02:BPM_D2782:PHASE_DRDREF,LS2_WC02:BPM_D2782:MAG_RATIO
282.131131,LS2_WC03:BPM_D2821,LS2_WC03:BPM_D2821:XPOS_RD,LS2_WC03:BPM_D2821:YPOS_RD,LS2_WC03:BPM_D2821:PHASE_RD,LS2_WC03:BPM_D2821:MAG_RD,LS2_WC03:BPM_D2821:XPOS_REF_RD,LS2_WC03:BPM_D2821:YPOS_REF_RD,LS2_WC03:BPM_D2821:PHASE_REF_RD,LS2_WC03:BPM_D2821:MAG_REF_RD,LS2_WC03:BPM_D2821:XPOS_DRDREF,LS2_WC03:BPM_D2821:YPOS_DRDREF,LS2_WC03:BPM_D2821:PHASE_DRDREF,LS2_WC03:BPM_D2821:MAG_RATIO
286.111779,LS2_WC04:BPM_D2861,LS2_WC04:BPM_D2861:XPOS_RD,LS2_WC04:BPM_D2861:YPOS_RD,LS2_WC04:BPM_D2861:PHASE_RD,LS2_WC04:BPM_D2861:MAG_RD,LS2_WC04:BPM_D2861:XPOS_REF_RD,LS2_WC04:BPM_D2861:YPOS_REF_RD,LS2_WC04:BPM_D2861:PHASE_REF_RD,LS2_WC04:BPM_D2861:MAG_REF_RD,LS2_WC04:BPM_D2861:XPOS_DRDREF,LS2_WC04:BPM_D2861:YPOS_DRDREF,LS2_WC04:BPM_D2861:PHASE_DRDREF,LS2_WC04:BPM_D2861:MAG_RATIO
290.092427,LS2_WC05:BPM_D2901,LS2_WC05:BPM_D2901:XPOS_RD,LS2_WC05:BPM_D2901:YPOS_RD,LS2_WC05:BPM_D2901:PHASE_RD,LS2_WC05:BPM_D2901:MAG_RD,LS2_WC05:BPM_D2901:XPOS_REF_RD,LS2_WC05:BPM_D2901:YPOS_REF_RD,LS2_WC05:BPM_D2901:PHASE_REF_RD,LS2_WC05:BPM_D2901:MAG_REF_RD,LS2_WC05:BPM_D2901:XPOS_DRDREF,LS2_WC05:BPM_D2901:YPOS_DRDREF,LS2_WC05:BPM_D2901:PHASE_DRDREF,LS2_WC05:BPM_D2901:MAG_RATIO
294.073075,LS2_WC06:BPM_D2941,LS2_WC06:BPM_D2941:XPOS_RD,LS2_WC06:BPM_D2941:YPOS_RD,LS2_WC06:BPM_D2941:PHASE_RD,LS2_WC06:BPM_D2941:MAG_RD,LS2_WC06:BPM_D2941:XPOS_REF_RD,LS2_WC06:BPM_D2941:YPOS_REF_RD,LS2_WC06:BPM_D2941:PHASE_REF_RD,LS2_WC06:BPM_D2941:MAG_REF_RD,LS2_WC06:BPM_D2941:XPOS_DRDREF,LS2_WC06:BPM_D2941:YPOS_DRDREF,LS2_WC06:BPM_D2941:PHASE_DRDREF,LS2_WC06:BPM_D2941:MAG_RATIO
298.053723,LS2_WC07:BPM_D2981,LS2_WC07:BPM_D2981:XPOS_RD,LS2_WC07:BPM_D2981:YPOS_RD,LS2_WC07:BPM_D2981:PHASE_RD,LS2_WC07:BPM_D2981:MAG_RD,LS2_WC07:BPM_D2981:XPOS_REF_RD,LS2_WC07:BPM_D2981:YPOS_REF_RD,LS2_WC07:BPM_D2981:PHASE_REF_RD,LS2_WC07:BPM_D2981:MAG_REF_RD,LS2_WC07:BPM_D2981:XPOS_DRDREF,LS2_WC07:BPM_D2981:YPOS_DRDREF,LS2_WC07:BPM_D2981:PHASE_DRDREF,LS2_WC07:BPM_D2981:MAG_RATIO
302.034371,LS2_WC08:BPM_D3020,LS2_WC08:BPM_D3020:XPOS_RD,LS2_WC08:BPM_D3020:YPOS_RD,LS2_WC08:BPM_D3020:PHASE_RD,LS2_WC08:BPM_D3020:MAG_RD,LS2_WC08:BPM_D3020:XPOS_REF_RD,LS2_WC08:BPM_D3020:YPOS_REF_RD,LS2_WC08:BPM_D3020:PHASE_REF_RD,LS2_WC08:BPM_D3020:MAG_REF_RD,LS2_WC08:BPM_D3020:XPOS_DRDREF,LS2_WC08:BPM_D3020:YPOS_DRDREF,LS2_WC08:BPM_D3020:PHASE_DRDREF,LS2_WC08:BPM_D3020:MAG_RATIO
306.015019,LS2_WC09:BPM_D3060,LS2_WC09:BPM_D3060:XPOS_RD,LS2_WC09:BPM_D3060:YPOS_RD,LS2_WC09:BPM_D3060:PHASE_RD,LS2_WC09:BPM_D3060:MAG_RD,LS2_WC09:BPM_D3060:XPOS_REF_RD,LS2_WC09:BPM_D3060:YPOS_REF_RD,LS2_WC09:BPM_D3060:PHASE_REF_RD,LS2_WC09:BPM_D3060:MAG_REF_RD,LS2_WC09:BPM_D3060:XPOS_DRDREF,LS2_WC09:BPM_D3060:YPOS_DRDREF,LS2_WC09:BPM_D3060:PHASE_DRDREF,LS2_WC09:BPM_D3060:MAG_RATIO
309.995667,LS2_WC10:BPM_D3100,LS2_WC10:BPM_D3100:XPOS_RD,LS2_WC10:BPM_D3100:YPOS_RD,LS2_WC10:BPM_D3100:PHASE_RD,LS2_WC10:BPM_D3100:MAG_RD,LS2_WC10:BPM_D3100:XPOS_REF_RD,LS2_WC10:BPM_D3100:YPOS_REF_RD,LS2_WC10:BPM_D3100:PHASE_REF_RD,LS2_WC10:BPM_D3100:MAG_REF_RD,LS2_WC10:BPM_D3100:XPOS_DRDREF,LS2_WC10:BPM_D3100:YPOS_DRDREF,LS2_WC10:BPM_D3100:PHASE_DRDREF,LS2_WC10:BPM_D3100:MAG_RATIO
313.976315,LS2_WC11:BPM_D3140,LS2_WC11:BPM_D3140:XPOS_RD,LS2_WC11:BPM_D3140:YPOS_RD,LS2_WC11:BPM_D3140:PHASE_RD,LS2_WC11:BPM_D3140:MAG_RD,LS2_WC11:BPM_D3140:XPOS_REF_RD,LS2_WC11:BPM_D3140:YPOS_REF_RD,LS2_WC11:BPM_D3140:PHASE_REF_RD,LS2_WC11:BPM_D3140:MAG_REF_RD,LS2_WC11:BPM_D3140:XPOS_DRDREF,LS2_WC11:BPM_D3140:YPOS_DRDREF,LS2_WC11:BPM_D3140:PHASE_DRDREF,LS2_WC11:BPM_D3140:MAG_RATIO
317.956963,LS2_WC12:BPM_D3180,LS2_WC12:BPM_D3180:XPOS_RD,LS2_WC12:BPM_D3180:YPOS_RD,LS2_WC12:BPM_D3180:PHASE_RD,LS2_WC12:BPM_D3180:MAG_RD,LS2_WC12:BPM_D3180:XPOS_REF_RD,LS2_WC12:BPM_D3180:YPOS_REF_RD,LS2_WC12:BPM_D3180:PHASE_REF_RD,LS2_WC12:BPM_D3180:MAG_REF_RD,LS2_WC12:BPM_D3180:XPOS_DRDREF,LS2_WC12:BPM_D3180:YPOS_DRDREF,LS2_WC12:BPM_D3180:PHASE_DRDREF,LS2_WC12:BPM_D3180:MAG_RATIO
324.160029,LS2_WD01:BPM_D3242,LS2_WD01:BPM_D3242:XPOS_RD,LS2_WD01:BPM_D3242:YPOS_RD,LS2_WD01:BPM_D3242:PHASE_RD,LS2_WD01:BPM_D3242:MAG_RD,LS2_WD01:BPM_D3242:XPOS_REF_RD,LS2_WD01:BPM_D3242:YPOS_REF_RD,LS2_WD01:BPM_D3242:PHASE_REF_RD,LS2_WD01:BPM_D3242:MAG_REF_RD,LS2_WD01:BPM_D3242:XPOS_DRDREF,LS2_WD01:BPM_D3242:YPOS_DRDREF,LS2_WD01:BPM_D3242:PHASE_DRDREF,LS2_WD01:BPM_D3242:MAG_RATIO
330.363095,LS2_WD02:BPM_D3304,LS2_WD02:BPM_D3304:XPOS_RD,LS2_WD02:BPM_D3304:YPOS_RD,LS2_WD02:BPM_D3304:PHASE_RD,LS2_WD02:BPM_D3304:MAG_RD,LS2_WD02:BPM_D3304:XPOS_REF_RD,LS2_WD02:BPM_D3304:YPOS_REF_RD,LS2_WD02:BPM_D3304:PHASE_REF_RD,LS2_WD02:BPM_D3304:MAG_REF_RD,LS2_WD02:BPM_D3304:XPOS_DRDREF,LS2_WD02:BPM_D3304:YPOS_DRDREF,LS2_WD02:BPM_D3304:PHASE_DRDREF,LS2_WD02:BPM_D3304:MAG_RATIO
336.566161,LS2_WD03:BPM_D3366,LS2_WD03:BPM_D3366:XPOS_RD,LS2_WD03:BPM_D3366:YPOS_RD,LS2_WD03:BPM_D3366:PHASE_RD,LS2_WD03:BPM_D3366:MAG_RD,LS2_WD03:BPM_D3366:XPOS_REF_RD,LS2_WD03:BPM_D3366:YPOS_REF_RD,LS2_WD03:BPM_D3366:PHASE_REF_RD,LS2_WD03:BPM_D3366:MAG_REF_RD,LS2_WD03:BPM_D3366:XPOS_DRDREF,LS2_WD03:BPM_D3366:YPOS_DRDREF,LS2_WD03:BPM_D3366:PHASE_DRDREF,LS2_WD03:BPM_D3366:MAG_RATIO
342.769227,LS2_WD04:BPM_D3428,LS2_WD04:BPM_D3428:XPOS_RD,LS2_WD04:BPM_D3428:YPOS_RD,LS2_WD04:BPM_D3428:PHASE_RD,LS2_WD04:BPM_D3428:MAG_RD,LS2_WD04:BPM_D3428:XPOS_REF_RD,LS2_WD04:BPM_D3428:YPOS_REF_RD,LS2_WD04:BPM_D3428:PHASE_REF_RD,LS2_WD04:BPM_D3428:MAG_REF_RD,LS2_WD04:BPM_D3428:XPOS_DRDREF,LS2_WD04:BPM_D3428:YPOS_DRDREF,LS2_WD04:BPM_D3428:PHASE_DRDREF,LS2_WD04:BPM_D3428:MAG_RATIO
348.972293,LS2_WD05:BPM_D3490,LS2_WD05:BPM_D3490:XPOS_RD,LS2_WD05:BPM_D3490:YPOS_RD,LS2_WD05:BPM_D3490:PHASE_RD,LS2_WD05:BPM_D3490:MAG_RD,LS2_WD05:BPM_D3490:XPOS_REF_RD,LS2_WD05:BPM_D3490:YPOS_REF_RD,LS2_WD05:BPM_D3490:PHASE_REF_RD,LS2_WD05:BPM_D3490:MAG_REF_RD,LS2_WD05:BPM_D3490:XPOS_DRDREF,LS2_WD05:BPM_D3490:YPOS_DRDREF,LS2_WD05:BPM_D3490:PHASE_DRDREF,LS2_WD05:BPM_D3490:MAG_RATIO
355.175359,LS2_WD06:BPM_D3552,LS2_WD06:BPM_D3552:XPOS_RD,LS2_WD06:BPM_D3552:YPOS_RD,LS2_WD06:BPM_D3552:PHASE_RD,LS2_WD06:BPM_D3552:MAG_RD,LS2_WD06:BPM_D3552:XPOS_REF_RD,LS2_WD06:BPM_D3552:YPOS_REF_RD,LS2_WD06:BPM_D3552:PHASE_REF_RD,LS2_WD06:BPM_D3552:MAG_REF_RD,LS2_WD06:BPM_D3552:XPOS_DRDREF,LS2_WD06:BPM_D3552:YPOS_DRDREF,LS2_WD06:BPM_D3552:PHASE_DRDREF,LS2_WD06:BPM_D3552:MAG_RATIO
361.378425,LS2_WD07:BPM_D3614,LS2_WD07:BPM_D3614:XPOS_RD,LS2_WD07:BPM_D3614:YPOS_RD,LS2_WD07:BPM_D3614:PHASE_RD,LS2_WD07:BPM_D3614:MAG_RD,LS2_WD07:BPM_D3614:XPOS_REF_RD,LS2_WD07:BPM_D3614:YPOS_REF_RD,LS2_WD07:BPM_D3614:PHASE_REF_RD,LS2_WD07:BPM_D3614:MAG_REF_RD,LS2_WD07:BPM_D3614:XPOS_DRDREF,LS2_WD07:BPM_D3614:YPOS_DRDREF,LS2_WD07:BPM_D3614:PHASE_DRDREF,LS2_WD07:BPM_D3614:MAG_RATIO
367.581491,LS2_WD08:BPM_D3676,LS2_WD08:BPM_D3676:XPOS_RD,LS2_WD08:BPM_D3676:YPOS_RD,LS2_WD08:BPM_D3676:PHASE_RD,LS2_WD08:BPM_D3676:MAG_RD,LS2_WD08:BPM_D3676:XPOS_REF_RD,LS2_WD08:BPM_D3676:YPOS_REF_RD,LS2_WD08:BPM_D3676:PHASE_REF_RD,LS2_WD08:BPM_D3676:MAG_REF_RD,LS2_WD08:BPM_D3676:XPOS_DRDREF,LS2_WD08:BPM_D3676:YPOS_DRDREF,LS2_WD08:BPM_D3676:PHASE_DRDREF,LS2_WD08:BPM_D3676:MAG_RATIO
373.784557,LS2_WD09:BPM_D3738,LS2_WD09:BPM_D3738:XPOS_RD,LS2_WD09:BPM_D3738:YPOS_RD,LS2_WD09:BPM_D3738:PHASE_RD,LS2_WD09:BPM_D3738:MAG_RD,LS2_WD09:BPM_D3738:XPOS_REF_RD,LS2_WD09:BPM_D3738:YPOS_REF_RD,LS2_WD09:BPM_D3738:PHASE_REF_RD,LS2_WD09:BPM_D3738:MAG_REF_RD,LS2_WD09:BPM_D3738:XPOS_DRDREF,LS2_WD09:BPM_D3738:YPOS_DRDREF,LS2_WD09:BPM_D3738:PHASE_DRDREF,LS2_WD09:BPM_D3738:MAG_RATIO
379.987623,LS2_WD10:BPM_D3800,LS2_WD10:BPM_D3800:XPOS_RD,LS2_WD10:BPM_D3800:YPOS_RD,LS2_WD10:BPM_D3800:PHASE_RD,LS2_WD10:BPM_D3800:MAG_RD,LS2_WD10:BPM_D3800:XPOS_REF_RD,LS2_WD10:BPM_D3800:YPOS_REF_RD,LS2_WD10:BPM_D3800:PHASE_REF_RD,LS2_WD10:BPM_D3800:MAG_REF_RD,LS2_WD10:BPM_D3800:XPOS_DRDREF,LS2_WD10:BPM_D3800:YPOS_DRDREF,LS2_WD10:BPM_D3800:PHASE_DRDREF,LS2_WD10:BPM_D3800:MAG_RATIO
386.190689,LS2_WD11:BPM_D3862,LS2_WD11:BPM_D3862:XPOS_RD,LS2_WD11:BPM_D3862:YPOS_RD,LS2_WD11:BPM_D3862:PHASE_RD,LS2_WD11:BPM_D3862:MAG_RD,LS2_WD11:BPM_D3862:XPOS_REF_RD,LS2_WD11:BPM_D3862:YPOS_REF_RD,LS2_WD11:BPM_D3862:PHASE_REF_RD,LS2_WD11:BPM_D3862:MAG_REF_RD,LS2_WD11:BPM_D3862:XPOS_DRDREF,LS2_WD11:BPM_D3862:YPOS_DRDREF,LS2_WD11:BPM_D3862:PHASE_DRDREF,LS2_WD11:BPM_D3862:MAG_RATIO
392.393755,LS2_WD12:BPM_D3924,LS2_WD12:BPM_D3924:XPOS_RD,LS2_WD12:BPM_D3924:YPOS_RD,LS2_WD12:BPM_D3924:PHASE_RD,LS2_WD12:BPM_D3924:MAG_RD,LS2_WD12:BPM_D3924:XPOS_REF_RD,LS2_WD12:BPM_D3924:YPOS_REF_RD,LS2_WD12:BPM_D3924:PHASE_REF_RD,LS2_WD12:BPM_D3924:MAG_REF_RD,LS2_WD12:BPM_D3924:XPOS_DRDREF,LS2_WD12:BPM_D3924:YPOS_DRDREF,LS2_WD12:BPM_D3924:PHASE_DRDREF,LS2_WD12:BPM_D3924:MAG_RATIO
394.313959,FS2_BTS:BPM_D3943,FS2_BTS:BPM_D3943:XPOS_RD,FS2_BTS:BPM_D3943:YPOS_RD,FS2_BTS:BPM_D3943:PHASE_RD,FS2_BTS:BPM_D3943:MAG_RD,FS2_BTS:BPM_D3943:XPOS_REF_RD,FS2_BTS:BPM_D3943:YPOS_REF_RD,FS2_BTS:BPM_D3943:PHASE_REF_RD,FS2_BTS:BPM_D3943:MAG_REF_RD,FS2_BTS:BPM_D3943:XPOS_DRDREF,FS2_BTS:BPM_D3943:YPOS_DRDREF,FS2_BTS:BPM_D3943:PHASE_DRDREF,FS2_BTS:BPM_D3943:MAG_RATIO
395.761108,FS2_BTS:BPM_D3958,FS2_BTS:BPM_D3958:XPOS_RD,FS2_BTS:BPM_D3958:YPOS_RD,FS2_BTS:BPM_D3958:PHASE_RD,FS2_BTS:BPM_D3958:MAG_RD,FS2_BTS:BPM_D3958:XPOS_REF_RD,FS2_BTS:BPM_D3958:YPOS_REF_RD,FS2_BTS:BPM_D3958:PHASE_REF_RD,FS2_BTS:BPM_D3958:MAG_REF_RD,FS2_BTS:BPM_D3958:XPOS_DRDREF,FS2_BTS:BPM_D3958:YPOS_DRDREF,FS2_BTS:BPM_D3958:PHASE_DRDREF,FS2_BTS:BPM_D3958:MAG_RATIO
400.594997,FS2_BTS:BPM_D4006,FS2_BTS:BPM_D4006:XPOS_RD,FS2_BTS:BPM_D4006:YPOS_RD,FS2_BTS:BPM_D4006:PHASE_RD,FS2_BTS:BPM_D4006:MAG_RD,FS2_BTS:BPM_D4006:XPOS_REF_RD,FS2_BTS:BPM_D4006:YPOS_REF_RD,FS2_BTS:BPM_D4006:PHASE_REF_RD,FS2_BTS:BPM_D4006:MAG_REF_RD,FS2_BTS:BPM_D4006:XPOS_DRDREF,FS2_BTS:BPM_D4006:YPOS_DRDREF,FS2_BTS:BPM_D4006:PHASE_DRDREF,FS2_BTS:BPM_D4006:MAG_RATIO
401.738465,FS2_BBS:BPM_D4019,FS2_BBS:BPM_D4019:XPOS_RD,FS2_BBS:BPM_D4019:YPOS_RD,FS2_BBS:BPM_D4019:PHASE_RD,FS2_BBS:BPM_D4019:MAG_RD,FS2_BBS:BPM_D4019:XPOS_REF_RD,FS2_BBS:BPM_D4019:YPOS_REF_RD,FS2_BBS:BPM_D4019:PHASE_REF_RD,FS2_BBS:BPM_D4019:MAG_REF_RD,FS2_BBS:BPM_D4019:XPOS_DRDREF,FS2_BBS:BPM_D4019:YPOS_DRDREF,FS2_BBS:BPM_D4019:PHASE_DRDREF,FS2_BBS:BPM_D4019:MAG_RATIO
405.141035,FS2_BBS:BPM_D4054,FS2_BBS:BPM_D4054:XPOS_RD,FS2_BBS:BPM_D4054:YPOS_RD,FS2_BBS:BPM_D4054:PHASE_RD,FS2_BBS:BPM_D4054:MAG_RD,FS2_BBS:BPM_D4054:XPOS_REF_RD,FS2_BBS:BPM_D4054:YPOS_REF_RD,FS2_BBS:BPM_D4054:PHASE_REF_RD,FS2_BBS:BPM_D4054:MAG_REF_RD,FS2_BBS:BPM_D4054:XPOS_DRDREF,FS2_BBS:BPM_D4054:YPOS_DRDREF,FS2_BBS:BPM_D4054:PHASE_DRDREF,FS2_BBS:BPM_D4054:MAG_RATIO
408.490489,FS2_BBS:BPM_D4087,FS2_BBS:BPM_D4087:XPOS_RD,FS2_BBS:BPM_D4087:YPOS_RD,FS2_BBS:BPM_D4087:PHASE_RD,FS2_BBS:BPM_D4087:MAG_RD,FS2_BBS:BPM_D4087:XPOS_REF_RD,FS2_BBS:BPM_D4087:YPOS_REF_RD,FS2_BBS:BPM_D4087:PHASE_REF_RD,FS2_BBS:BPM_D4087:MAG_REF_RD,FS2_BBS:BPM_D4087:XPOS_DRDREF,FS2_BBS:BPM_D4087:YPOS_DRDREF,FS2_BBS:BPM_D4087:PHASE_DRDREF,FS2_BBS:BPM_D4087:MAG_RATIO
414.22881,FS2_BMS:BPM_D4142,FS2_BMS:BPM_D4142:XPOS_RD,FS2_BMS:BPM_D4142:YPOS_RD,FS2_BMS:BPM_D4142:PHASE_RD,FS2_BMS:BPM_D4142:MAG_RD,FS2_BMS:BPM_D4142:XPOS_REF_RD,FS2_BMS:BPM_D4142:YPOS_REF_RD,FS2_BMS:BPM_D4142:PHASE_REF_RD,FS2_BMS:BPM_D4142:MAG_REF_RD,FS2_BMS:BPM_D4142:XPOS_DRDREF,FS2_BMS:BPM_D4142:YPOS_DRDREF,FS2_BMS:BPM_D4142:PHASE_DRDREF,FS2_BMS:BPM_D4142:MAG_RATIO
416.414269,FS2_BMS:BPM_D4164,FS2_BMS:BPM_D4164:XPOS_RD,FS2_BMS:BPM_D4164:YPOS_RD,FS2_BMS:BPM_D4164:PHASE_RD,FS2_BMS:BPM_D4164:MAG_RD,FS2_BMS:BPM_D4164:XPOS_REF_RD,FS2_BMS:BPM_D4164:YPOS_REF_RD,FS2_BMS:BPM_D4164:PHASE_REF_RD,FS2_BMS:BPM_D4164:MAG_REF_RD,FS2_BMS:BPM_D4164:XPOS_DRDREF,FS2_BMS:BPM_D4164:YPOS_DRDREF,FS2_BMS:BPM_D4164:PHASE_DRDREF,FS2_BMS:BPM_D4164:MAG_RATIO
417.676486,FS2_BMS:BPM_D4177,FS2_BMS:BPM_D4177:XPOS_RD,FS2_BMS:BPM_D4177:YPOS_RD,FS2_BMS:BPM_D4177:PHASE_RD,FS2_BMS:BPM_D4177:MAG_RD,FS2_BMS:BPM_D4177:XPOS_REF_RD,FS2_BMS:BPM_D4177:YPOS_REF_RD,FS2_BMS:BPM_D4177:PHASE_REF_RD,FS2_BMS:BPM_D4177:MAG_REF_RD,FS2_BMS:BPM_D4177:XPOS_DRDREF,FS2_BMS:BPM_D4177:YPOS_DRDREF,FS2_BMS:BPM_D4177:PHASE_DRDREF,FS2_BMS:BPM_D4177:MAG_RATIO
421.629004,FS2_BMS:BPM_D4216,FS2_BMS:BPM_D4216:XPOS_RD,FS2_BMS:BPM_D4216:YPOS_RD,FS2_BMS:BPM_D4216:PHASE_RD,FS2_BMS:BPM_D4216:MAG_RD,FS2_BMS:BPM_D4216:XPOS_REF_RD,FS2_BMS:BPM_D4216:YPOS_REF_RD,FS2_BMS:BPM_D4216:PHASE_REF_RD,FS2_BMS:BPM_D4216:MAG_REF_RD,FS2_BMS:BPM_D4216:XPOS_DRDREF,FS2_BMS:BPM_D4216:YPOS_DRDREF,FS2_BMS:BPM_D4216:PHASE_DRDREF,FS2_BMS:BPM_D4216:MAG_RATIO
428.303261,FS2_BMS:BPM_D4283,FS2_BMS:BPM_D4283:XPOS_RD,FS2_BMS:BPM_D4283:YPOS_RD,FS2_BMS:BPM_D4283:PHASE_RD,FS2_BMS:BPM_D4283:MAG_RD,FS2_BMS:BPM_D4283:XPOS_REF_RD,FS2_BMS:BPM_D4283:YPOS_REF_RD,FS2_BMS:BPM_D4283:PHASE_REF_RD,FS2_BMS:BPM_D4283:MAG_REF_RD,FS2_BMS:BPM_D4283:XPOS_DRDREF,FS2_BMS:BPM_D4283:YPOS_DRDREF,FS2_BMS:BPM_D4283:PHASE_DRDREF,FS2_BMS:BPM_D4283:MAG_RATIO
432.649613,FS2_BMS:BPM_D4326,FS2_BMS:BPM_D4326:XPOS_RD,FS2_BMS:BPM_D4326:YPOS_RD,FS2_BMS:BPM_D4326:PHASE_RD,FS2_BMS:BPM_D4326:MAG_RD,FS2_BMS:BPM_D4326:XPOS_REF_RD,FS2_BMS:BPM_D4326:YPOS_REF_RD,FS2_BMS:BPM_D4326:PHASE_REF_RD,FS2_BMS:BPM_D4326:MAG_REF_RD,FS2_BMS:BPM_D4326:XPOS_DRDREF,FS2_BMS:BPM_D4326:YPOS_DRDREF,FS2_BMS:BPM_D4326:PHASE_DRDREF,FS2_BMS:BPM_D4326:MAG_RATIO
438.852679,LS3_WD01:BPM_D4389,LS3_WD01:BPM_D4389:XPOS_RD,LS3_WD01:BPM_D4389:YPOS_RD,LS3_WD01:BPM_D4389:PHASE_RD,LS3_WD01:BPM_D4389:MAG_RD,LS3_WD01:BPM_D4389:XPOS_REF_RD,LS3_WD01:BPM_D4389:YPOS_REF_RD,LS3_WD01:BPM_D4389:PHASE_REF_RD,LS3_WD01:BPM_D4389:MAG_REF_RD,LS3_WD01:BPM_D4389:XPOS_DRDREF,LS3_WD01:BPM_D4389:YPOS_DRDREF,LS3_WD01:BPM_D4389:PHASE_DRDREF,LS3_WD01:BPM_D4389:MAG_RATIO
445.055745,LS3_WD02:BPM_D4451,LS3_WD02:BPM_D4451:XPOS_RD,LS3_WD02:BPM_D4451:YPOS_RD,LS3_WD02:BPM_D4451:PHASE_RD,LS3_WD02:BPM_D4451:MAG_RD,LS3_WD02:BPM_D4451:XPOS_REF_RD,LS3_WD02:BPM_D4451:YPOS_REF_RD,LS3_WD02:BPM_D4451:PHASE_REF_RD,LS3_WD02:BPM_D4451:MAG_REF_RD,LS3_WD02:BPM_D4451:XPOS_DRDREF,LS3_WD02:BPM_D4451:YPOS_DRDREF,LS3_WD02:BPM_D4451:PHASE_DRDREF,LS3_WD02:BPM_D4451:MAG_RATIO
451.258811,LS3_WD03:BPM_D4513,LS3_WD03:BPM_D4513:XPOS_RD,LS3_WD03:BPM_D4513:YPOS_RD,LS3_WD03:BPM_D4513:PHASE_RD,LS3_WD03:BPM_D4513:MAG_RD,LS3_WD03:BPM_D4513:XPOS_REF_RD,LS3_WD03:BPM_D4513:YPOS_REF_RD,LS3_WD03:BPM_D4513:PHASE_REF_RD,LS3_WD03:BPM_D4513:MAG_REF_RD,LS3_WD03:BPM_D4513:XPOS_DRDREF,LS3_WD03:BPM_D4513:YPOS_DRDREF,LS3_WD03:BPM_D4513:PHASE_DRDREF,LS3_WD03:BPM_D4513:MAG_RATIO
457.461877,LS3_WD04:BPM_D4575,LS3_WD04:BPM_D4575:XPOS_RD,LS3_WD04:BPM_D4575:YPOS_RD,LS3_WD04:BPM_D4575:PHASE_RD,LS3_WD04:BPM_D4575:MAG_RD,LS3_WD04:BPM_D4575:XPOS_REF_RD,LS3_WD04:BPM_D4575:YPOS_REF_RD,LS3_WD04:BPM_D4575:PHASE_REF_RD,LS3_WD04:BPM_D4575:MAG_REF_RD,LS3_WD04:BPM_D4575:XPOS_DRDREF,LS3_WD04:BPM_D4575:YPOS_DRDREF,LS3_WD04:BPM_D4575:PHASE_DRDREF,LS3_WD04:BPM_D4575:MAG_RATIO
463.664943,LS3_WD05:BPM_D4637,LS3_WD05:BPM_D4637:XPOS_RD,LS3_WD05:BPM_D4637:YPOS_RD,LS3_WD05:BPM_D4637:PHASE_RD,LS3_WD05:BPM_D4637:MAG_RD,LS3_WD05:BPM_D4637:XPOS_REF_RD,LS3_WD05:BPM_D4637:YPOS_REF_RD,LS3_WD05:BPM_D4637:PHASE_REF_RD,LS3_WD05:BPM_D4637:MAG_REF_RD,LS3_WD05:BPM_D4637:XPOS_DRDREF,LS3_WD05:BPM_D4637:YPOS_DRDREF,LS3_WD05:BPM_D4637:PHASE_DRDREF,LS3_WD05:BPM_D4637:MAG_RATIO
469.868009,LS3_WD06:BPM_D4699,LS3_WD06:BPM_D4699:XPOS_RD,LS3_WD06:BPM_D4699:YPOS_RD,LS3_WD06:BPM_D4699:PHASE_RD,LS3_WD06:BPM_D4699:MAG_RD,LS3_WD06:BPM_D4699:XPOS_REF_RD,LS3_WD06:BPM_D4699:YPOS_REF_RD,LS3_WD06:BPM_D4699:PHASE_REF_RD,LS3_WD06:BPM_D4699:MAG_REF_RD,LS3_WD06:BPM_D4699:XPOS_DRDREF,LS3_WD06:BPM_D4699:YPOS_DRDREF,LS3_WD06:BPM_D4699:PHASE_DRDREF,LS3_WD06:BPM_D4699:MAG_RATIO
475.239687,LS3_BTS:BPM_D4753,LS3_BTS:BPM_D4753:XPOS_RD,LS3_BTS:BPM_D4753:YPOS_RD,LS3_BTS:BPM_D4753:PHASE_RD,LS3_BTS:BPM_D4753:MAG_RD,LS3_BTS:BPM_D4753:XPOS_REF_RD,LS3_BTS:BPM_D4753:YPOS_REF_RD,LS3_BTS:BPM_D4753:PHASE_REF_RD,LS3_BTS:BPM_D4753:MAG_REF_RD,LS3_BTS:BPM_D4753:XPOS_DRDREF,LS3_BTS:BPM_D4753:YPOS_DRDREF,LS3_BTS:BPM_D4753:PHASE_DRDREF,LS3_BTS:BPM_D4753:MAG_RATIO
476.929124,LS3_BTS:BPM_D4769,LS3_BTS:BPM_D4769:XPOS_RD,LS3_BTS:BPM_D4769:YPOS_RD,LS3_BTS:BPM_D4769:PHASE_RD,LS3_BTS:BPM_D4769:MAG_RD,LS3_BTS:BPM_D4769:XPOS_REF_RD,LS3_BTS:BPM_D4769:YPOS_REF_RD,LS3_BTS:BPM_D4769:PHASE_REF_RD,LS3_BTS:BPM_D4769:MAG_REF_RD,LS3_BTS:BPM_D4769:XPOS_DRDREF,LS3_BTS:BPM_D4769:YPOS_DRDREF,LS3_BTS:BPM_D4769:PHASE_DRDREF,LS3_BTS:BPM_D4769:MAG_RATIO
484.29568700000004,LS3_BTS:BPM_D4843,LS3_BTS:BPM_D4843:XPOS_RD,LS3_BTS:BPM_D4843:YPOS_RD,LS3_BTS:BPM_D4843:PHASE_RD,LS3_BTS:BPM_D4843:MAG_RD,LS3_BTS:BPM_D4843:XPOS_REF_RD,LS3_BTS:BPM_D4843:YPOS_REF_RD,LS3_BTS:BPM_D4843:PHASE_REF_RD,LS3_BTS:BPM_D4843:MAG_REF_RD,LS3_BTS:BPM_D4843:XPOS_DRDREF,LS3_BTS:BPM_D4843:YPOS_DRDREF,LS3_BTS:BPM_D4843:PHASE_DRDREF,LS3_BTS:BPM_D4843:MAG_RATIO
488.63216,LS3_BTS:BPM_D4886,LS3_BTS:BPM_D4886:XPOS_RD,LS3_BTS:BPM_D4886:YPOS_RD,LS3_BTS:BPM_D4886:PHASE_RD,LS3_BTS:BPM_D4886:MAG_RD,LS3_BTS:BPM_D4886:XPOS_REF_RD,LS3_BTS:BPM_D4886:YPOS_REF_RD,LS3_BTS:BPM_D4886:PHASE_REF_RD,LS3_BTS:BPM_D4886:MAG_REF_RD,LS3_BTS:BPM_D4886:XPOS_DRDREF,LS3_BTS:BPM_D4886:YPOS_DRDREF,LS3_BTS:BPM_D4886:PHASE_DRDREF,LS3_BTS:BPM_D4886:MAG_RATIO
496.703687,LS3_BTS:BPM_D4968,LS3_BTS:BPM_D4968:XPOS_RD,LS3_BTS:BPM_D4968:YPOS_RD,LS3_BTS:BPM_D4968:PHASE_RD,LS3_BTS:BPM_D4968:MAG_RD,LS3_BTS:BPM_D4968:XPOS_REF_RD,LS3_BTS:BPM_D4968:YPOS_REF_RD,LS3_BTS:BPM_D4968:PHASE_REF_RD,LS3_BTS:BPM_D4968:MAG_REF_RD,LS3_BTS:BPM_D4968:XPOS_DRDREF,LS3_BTS:BPM_D4968:YPOS_DRDREF,LS3_BTS:BPM_D4968:PHASE_DRDREF,LS3_BTS:BPM_D4968:MAG_RATIO
501.040158,LS3_BTS:BPM_D5010,LS3_BTS:BPM_D5010:XPOS_RD,LS3_BTS:BPM_D5010:YPOS_RD,LS3_BTS:BPM_D5010:PHASE_RD,LS3_BTS:BPM_D5010:MAG_RD,LS3_BTS:BPM_D5010:XPOS_REF_RD,LS3_BTS:BPM_D5010:YPOS_REF_RD,LS3_BTS:BPM_D5010:PHASE_REF_RD,LS3_BTS:BPM_D5010:MAG_REF_RD,LS3_BTS:BPM_D5010:XPOS_DRDREF,LS3_BTS:BPM_D5010:YPOS_DRDREF,LS3_BTS:BPM_D5010:PHASE_DRDREF,LS3_BTS:BPM_D5010:MAG_RATIO
509.111687,LS3_BTS:BPM_D5092,LS3_BTS:BPM_D5092:XPOS_RD,LS3_BTS:BPM_D5092:YPOS_RD,LS3_BTS:BPM_D5092:PHASE_RD,LS3_BTS:BPM_D5092:MAG_RD,LS3_BTS:BPM_D5092:XPOS_REF_RD,LS3_BTS:BPM_D5092:YPOS_REF_RD,LS3_BTS:BPM_D5092:PHASE_REF_RD,LS3_BTS:BPM_D5092:MAG_REF_RD,LS3_BTS:BPM_D5092:XPOS_DRDREF,LS3_BTS:BPM_D5092:YPOS_DRDREF,LS3_BTS:BPM_D5092:PHASE_DRDREF,LS3_BTS:BPM_D5092:MAG_RATIO
513.448154,LS3_BTS:BPM_D5134,LS3_BTS:BPM_D5134:XPOS_RD,LS3_BTS:BPM_D5134:YPOS_RD,LS3_BTS:BPM_D5134:PHASE_RD,LS3_BTS:BPM_D5134:MAG_RD,LS3_BTS:BPM_D5134:XPOS_REF_RD,LS3_BTS:BPM_D5134:YPOS_REF_RD,LS3_BTS:BPM_D5134:PHASE_REF_RD,LS3_BTS:BPM_D5134:MAG_REF_RD,LS3_BTS:BPM_D5134:XPOS_DRDREF,LS3_BTS:BPM_D5134:YPOS_DRDREF,LS3_BTS:BPM_D5134:PHASE_DRDREF,LS3_BTS:BPM_D5134:MAG_RATIO
521.569686,LS3_BTS:BPM_D5216,LS3_BTS:BPM_D5216:XPOS_RD,LS3_BTS:BPM_D5216:YPOS_RD,LS3_BTS:BPM_D5216:PHASE_RD,LS3_BTS:BPM_D5216:MAG_RD,LS3_BTS:BPM_D5216:XPOS_REF_RD,LS3_BTS:BPM_D5216:YPOS_REF_RD,LS3_BTS:BPM_D5216:PHASE_REF_RD,LS3_BTS:BPM_D5216:MAG_REF_RD,LS3_BTS:BPM_D5216:XPOS_DRDREF,LS3_BTS:BPM_D5216:YPOS_DRDREF,LS3_BTS:BPM_D5216:PHASE_DRDREF,LS3_BTS:BPM_D5216:MAG_RATIO
525.856172,LS3_BTS:BPM_D5259,LS3_BTS:BPM_D5259:XPOS_RD,LS3_BTS:BPM_D5259:YPOS_RD,LS3_BTS:BPM_D5259:PHASE_RD,LS3_BTS:BPM_D5259:MAG_RD,LS3_BTS:BPM_D5259:XPOS_REF_RD,LS3_BTS:BPM_D5259:YPOS_REF_RD,LS3_BTS:BPM_D5259:PHASE_REF_RD,LS3_BTS:BPM_D5259:MAG_REF_RD,LS3_BTS:BPM_D5259:XPOS_DRDREF,LS3_BTS:BPM_D5259:YPOS_DRDREF,LS3_BTS:BPM_D5259:PHASE_DRDREF,LS3_BTS:BPM_D5259:MAG_RATIO
533.977698,LS3_BTS:BPM_D5340,LS3_BTS:BPM_D5340:XPOS_RD,LS3_BTS:BPM_D5340:YPOS_RD,LS3_BTS:BPM_D5340:PHASE_RD,LS3_BTS:BPM_D5340:MAG_RD,LS3_BTS:BPM_D5340:XPOS_REF_RD,LS3_BTS:BPM_D5340:YPOS_REF_RD,LS3_BTS:BPM_D5340:PHASE_REF_RD,LS3_BTS:BPM_D5340:MAG_REF_RD,LS3_BTS:BPM_D5340:XPOS_DRDREF,LS3_BTS:BPM_D5340:YPOS_DRDREF,LS3_BTS:BPM_D5340:PHASE_DRDREF,LS3_BTS:BPM_D5340:MAG_RATIO
538.12423,LS3_BTS:BPM_D5381,LS3_BTS:BPM_D5381:XPOS_RD,LS3_BTS:BPM_D5381:YPOS_RD,LS3_BTS:BPM_D5381:PHASE_RD,LS3_BTS:BPM_D5381:MAG_RD,LS3_BTS:BPM_D5381:XPOS_REF_RD,LS3_BTS:BPM_D5381:YPOS_REF_RD,LS3_BTS:BPM_D5381:PHASE_REF_RD,LS3_BTS:BPM_D5381:MAG_REF_RD,LS3_BTS:BPM_D5381:XPOS_DRDREF,LS3_BTS:BPM_D5381:YPOS_DRDREF,LS3_BTS:BPM_D5381:PHASE_DRDREF,LS3_BTS:BPM_D5381:MAG_RATIO
542.982687,LS3_BTS:BPM_D5430,LS3_BTS:BPM_D5430:XPOS_RD,LS3_BTS:BPM_D5430:YPOS_RD,LS3_BTS:BPM_D5430:PHASE_RD,LS3_BTS:BPM_D5430:MAG_RD,LS3_BTS:BPM_D5430:XPOS_REF_RD,LS3_BTS:BPM_D5430:YPOS_REF_RD,LS3_BTS:BPM_D5430:PHASE_REF_RD,LS3_BTS:BPM_D5430:MAG_REF_RD,LS3_BTS:BPM_D5430:XPOS_DRDREF,LS3_BTS:BPM_D5430:YPOS_DRDREF,LS3_BTS:BPM_D5430:PHASE_DRDREF,LS3_BTS:BPM_D5430:MAG_RATIO
544.467232,LS3_BTS:BPM_D5445,LS3_BTS:BPM_D5445:XPOS_RD,LS3_BTS:BPM_D5445:YPOS_RD,LS3_BTS:BPM_D5445:PHASE_RD,LS3_BTS:BPM_D5445:MAG_RD,LS3_BTS:BPM_D5445:XPOS_REF_RD,LS3_BTS:BPM_D5445:YPOS_REF_RD,LS3_BTS:BPM_D5445:PHASE_REF_RD,LS3_BTS:BPM_D5445:MAG_REF_RD,LS3_BTS:BPM_D5445:XPOS_DRDREF,LS3_BTS:BPM_D5445:YPOS_DRDREF,LS3_BTS:BPM_D5445:PHASE_DRDREF,LS3_BTS:BPM_D5445:MAG_RATIO
549.882683,BDS_BTS:BPM_D5499,BDS_BTS:BPM_D5499:XPOS_RD,BDS_BTS:BPM_D5499:YPOS_RD,BDS_BTS:BPM_D5499:PHASE_RD,BDS_BTS:BPM_D5499:MAG_RD,BDS_BTS:BPM_D5499:XPOS_REF_RD,BDS_BTS:BPM_D5499:YPOS_REF_RD,BDS_BTS:BPM_D5499:PHASE_REF_RD,BDS_BTS:BPM_D5499:MAG_REF_RD,BDS_BTS:BPM_D5499:XPOS_DRDREF,BDS_BTS:BPM_D5499:YPOS_DRDREF,BDS_BTS:BPM_D5499:PHASE_DRDREF,BDS_BTS:BPM_D5499:MAG_RATIO
551.264088,BDS_BTS:BPM_D5513,BDS_BTS:BPM_D5513:XPOS_RD,BDS_BTS:BPM_D5513:YPOS_RD,BDS_BTS:BPM_D5513:PHASE_RD,BDS_BTS:BPM_D5513:MAG_RD,BDS_BTS:BPM_D5513:XPOS_REF_RD,BDS_BTS:BPM_D5513:YPOS_REF_RD,BDS_BTS:BPM_D5513:PHASE_REF_RD,BDS_BTS:BPM_D5513:MAG_REF_RD,BDS_BTS:BPM_D5513:XPOS_DRDREF,BDS_BTS:BPM_D5513:YPOS_DRDREF,BDS_BTS:BPM_D5513:PHASE_DRDREF,BDS_BTS:BPM_D5513:MAG_RATIO
556.507855,BDS_BTS:BPM_D5565,BDS_BTS:BPM_D5565:XPOS_RD,BDS_BTS:BPM_D5565:YPOS_RD,BDS_BTS:BPM_D5565:PHASE_RD,BDS_BTS:BPM_D5565:MAG_RD,BDS_BTS:BPM_D5565:XPOS_REF_RD,BDS_BTS:BPM_D5565:YPOS_REF_RD,BDS_BTS:BPM_D5565:PHASE_REF_RD,BDS_BTS:BPM_D5565:MAG_REF_RD,BDS_BTS:BPM_D5565:XPOS_DRDREF,BDS_BTS:BPM_D5565:YPOS_DRDREF,BDS_BTS:BPM_D5565:PHASE_DRDREF,BDS_BTS:BPM_D5565:MAG_RATIO
562.3414130000001,BDS_BBS:BPM_D5625,BDS_BBS:BPM_D5625:XPOS_RD,BDS_BBS:BPM_D5625:YPOS_RD,BDS_BBS:BPM_D5625:PHASE_RD,BDS_BBS:BPM_D5625:MAG_RD,BDS_BBS:BPM_D5625:XPOS_REF_RD,BDS_BBS:BPM_D5625:YPOS_REF_RD,BDS_BBS:BPM_D5625:PHASE_REF_RD,BDS_BBS:BPM_D5625:MAG_REF_RD,BDS_BBS:BPM_D5625:XPOS_DRDREF,BDS_BBS:BPM_D5625:YPOS_DRDREF,BDS_BBS:BPM_D5625:PHASE_DRDREF,BDS_BBS:BPM_D5625:MAG_RATIO
564.909654,BDS_BTS:BPM_D5649,BDS_BTS:BPM_D5649:XPOS_RD,BDS_BTS:BPM_D5649:YPOS_RD,BDS_BTS:BPM_D5649:PHASE_RD,BDS_BTS:BPM_D5649:MAG_RD,BDS_BTS:BPM_D5649:XPOS_REF_RD,BDS_BTS:BPM_D5649:YPOS_REF_RD,BDS_BTS:BPM_D5649:PHASE_REF_RD,BDS_BTS:BPM_D5649:MAG_REF_RD,BDS_BTS:BPM_D5649:XPOS_DRDREF,BDS_BTS:BPM_D5649:YPOS_DRDREF,BDS_BTS:BPM_D5649:PHASE_DRDREF,BDS_BTS:BPM_D5649:MAG_RATIO
565.081901,BDS_BBS:BPM_D5653,BDS_BBS:BPM_D5653:XPOS_RD,BDS_BBS:BPM_D5653:YPOS_RD,BDS_BBS:BPM_D5653:PHASE_RD,BDS_BBS:BPM_D5653:MAG_RD,BDS_BBS:BPM_D5653:XPOS_REF_RD,BDS_BBS:BPM_D5653:YPOS_REF_RD,BDS_BBS:BPM_D5653:PHASE_REF_RD,BDS_BBS:BPM_D5653:MAG_REF_RD,BDS_BBS:BPM_D5653:XPOS_DRDREF,BDS_BBS:BPM_D5653:YPOS_DRDREF,BDS_BBS:BPM_D5653:PHASE_DRDREF,BDS_BBS:BPM_D5653:MAG_RATIO
567.805735,BDS_BBS:BPM_D5680,BDS_BBS:BPM_D5680:XPOS_RD,BDS_BBS:BPM_D5680:YPOS_RD,BDS_BBS:BPM_D5680:PHASE_RD,BDS_BBS:BPM_D5680:MAG_RD,BDS_BBS:BPM_D5680:XPOS_REF_RD,BDS_BBS:BPM_D5680:YPOS_REF_RD,BDS_BBS:BPM_D5680:PHASE_REF_RD,BDS_BBS:BPM_D5680:MAG_REF_RD,BDS_BBS:BPM_D5680:XPOS_DRDREF,BDS_BBS:BPM_D5680:YPOS_DRDREF,BDS_BBS:BPM_D5680:PHASE_DRDREF,BDS_BBS:BPM_D5680:MAG_RATIO
574.200794,BDS_FFS:BPM_D5742,BDS_FFS:BPM_D5742:XPOS_RD,BDS_FFS:BPM_D5742:YPOS_RD,BDS_FFS:BPM_D5742:PHASE_RD,BDS_FFS:BPM_D5742:MAG_RD,BDS_FFS:BPM_D5742:XPOS_REF_RD,BDS_FFS:BPM_D5742:YPOS_REF_RD,BDS_FFS:BPM_D5742:PHASE_REF_RD,BDS_FFS:BPM_D5742:MAG_REF_RD,BDS_FFS:BPM_D5742:XPOS_DRDREF,BDS_FFS:BPM_D5742:YPOS_DRDREF,BDS_FFS:BPM_D5742:PHASE_DRDREF,BDS_FFS:BPM_D5742:MAG_RATIO
577.215912,BDS_FFS:BPM_D5772,BDS_FFS:BPM_D5772:XPOS_RD,BDS_FFS:BPM_D5772:YPOS_RD,BDS_FFS:BPM_D5772:PHASE_RD,BDS_FFS:BPM_D5772:MAG_RD,BDS_FFS:BPM_D5772:XPOS_REF_RD,BDS_FFS:BPM_D5772:YPOS_REF_RD,BDS_FFS:BPM_D5772:PHASE_REF_RD,BDS_FFS:BPM_D5772:MAG_REF_RD,BDS_FFS:BPM_D5772:XPOS_DRDREF,BDS_FFS:BPM_D5772:YPOS_DRDREF,BDS_FFS:BPM_D5772:PHASE_DRDREF,BDS_FFS:BPM_D5772:MAG_RATIO
579.006246,BDS_FFS:BPM_D5790,BDS_FFS:BPM_D5790:XPOS_RD,BDS_FFS:BPM_D5790:YPOS_RD,BDS_FFS:BPM_D5790:PHASE_RD,BDS_FFS:BPM_D5790:MAG_RD,BDS_FFS:BPM_D5790:XPOS_REF_RD,BDS_FFS:BPM_D5790:YPOS_REF_RD,BDS_FFS:BPM_D5790:PHASE_REF_RD,BDS_FFS:BPM_D5790:MAG_REF_RD,BDS_FFS:BPM_D5790:XPOS_DRDREF,BDS_FFS:BPM_D5790:YPOS_DRDREF,BDS_FFS:BPM_D5790:PHASE_DRDREF,BDS_FFS:BPM_D5790:MAG_RATIO
580.311178,BDS_FFS:BPM_D5803,BDS_FFS:BPM_D5803:XPOS_RD,BDS_FFS:BPM_D5803:YPOS_RD,BDS_FFS:BPM_D5803:PHASE_RD,BDS_FFS:BPM_D5803:MAG_RD,BDS_FFS:BPM_D5803:XPOS_REF_RD,BDS_FFS:BPM_D5803:YPOS_REF_RD,BDS_FFS:BPM_D5803:PHASE_REF_RD,BDS_FFS:BPM_D5803:MAG_REF_RD,BDS_FFS:BPM_D5803:XPOS_DRDREF,BDS_FFS:BPM_D5803:YPOS_DRDREF,BDS_FFS:BPM_D5803:PHASE_DRDREF,BDS_FFS:BPM_D5803:MAG_RATIO
581.845821,BDS_FFS:BPM_D5818,BDS_FFS:BPM_D5818:XPOS_RD,BDS_FFS:BPM_D5818:YPOS_RD,BDS_FFS:BPM_D5818:PHASE_RD,BDS_FFS:BPM_D5818:MAG_RD,BDS_FFS:BPM_D5818:XPOS_REF_RD,BDS_FFS:BPM_D5818:YPOS_REF_RD,BDS_FFS:BPM_D5818:PHASE_REF_RD,BDS_FFS:BPM_D5818:MAG_REF_RD,BDS_FFS:BPM_D5818:XPOS_DRDREF,BDS_FFS:BPM_D5818:YPOS_DRDREF,BDS_FFS:BPM_D5818:PHASE_DRDREF,BDS_FFS:BPM_D5818:MAG_RATIO
